time,ua,ub,uc,ia,ib,ic,P,S,PF,F,Pa,Pb,Pc,Sa,Sb,Sc,PFa,PFb,PFc
14:59.,229.59,237.49,236.83,0.81,1.992,5.184,422,1886,0.726,32.003,134,186,473,1227,1672,1116,0.886,0.003,49.98
15:00.,229.52,237.53,236.8,0.798,1.998,5.208,422,1888,0.729,31.747,133,183,473,1232,1674,1119,0.886,0.003,49.98
15:00.,229.46,237.49,236.89,0.804,1.992,5.214,422,1891,0.728,31.747,133,183,473,1235,1675,1120,0.884,0.003,49.98
15:01.,229.57,237.44,236.87,0.804,1.992,5.19,422,1886,0.727,31.747,133,184,472,1230,1673,1118,0.886,0.003,49.97
15:02.,229.48,237.51,236.76,0.804,1.992,5.208,422,1888,0.729,31.747,133,183,473,1232,1674,1119,0.886,0.003,49.97
15:02.,229.48,237.33,236.8,0.81,1.992,5.19,421,1886,0.726,31.747,134,184,472,1230,1673,1118,0.886,0.003,49.97
15:03.,229.43,237.51,236.78,0.81,1.998,5.202,422,1888,0.73,31.747,133,183,473,1232,1675,1120,0.886,0.003,49.97
15:04.,229.63,237.53,236.89,0.81,1.998,5.22,422,1891,0.73,31.747,134,183,472,1236,1678,1122,0.887,0.003,49.97
15:04.,229.63,237.51,236.94,0.804,1.992,5.196,422,1889,0.727,31.747,134,184,473,1232,1676,1120,0.886,0.003,49.97
15:05.,229.79,237.33,236.72,0.852,1.992,5.184,421,1895,0.709,31.747,138,196,472,1227,1677,1118,0.883,0.003,49.97
15:06.,232.45,236.41,235.18,0.828,1.962,5.142,415,1865,0.722,32.771,138,192,464,1209,1660,1107,0.889,0.003,49.97
15:06.,232.54,236.45,235.11,0.804,1.968,5.106,417,1853,0.73,33.027,135,187,465,1201,1656,1104,0.893,0.003,49.97
15:07.,232.29,236.36,235.04,0.786,1.962,5.13,417,1853,0.732,33.027,133,183,464,1206,1656,1106,0.893,0.003,49.97
15:07.,232.38,236.23,235,0.798,1.968,5.13,417,1853,0.73,33.027,134,184,464,1205,1655,1104,0.893,0.003,49.97
15:08.,232.32,236.23,235.07,0.81,1.968,5.106,417,1851,0.726,33.027,137,188,464,1199,1658,1104,0.895,0.003,49.96
15:09.,232.47,236.25,235.02,0.804,1.968,5.136,417,1856,0.73,33.283,135,186,464,1206,1658,1106,0.893,0.003,49.96
15:09.,232.54,236.19,235,0.798,1.962,5.1,415,1847,0.731,33.027,135,186,463,1198,1653,1103,0.896,0.003,49.96
15:10.,232.34,236.01,234.98,0.804,1.956,5.1,415,1847,0.73,33.283,135,187,462,1198,1653,1103,0.896,0.003,49.96
15:11.,232.25,236.01,234.96,0.81,1.962,5.13,414,1855,0.725,33.027,137,188,462,1205,1657,1106,0.893,0.003,49.96
15:11.,232.34,236.01,235.02,0.822,1.962,5.106,415,1852,0.724,33.027,137,190,463,1199,1656,1104,0.893,0.003,49.96
15:12.,232.43,236.12,235.13,0.828,1.962,5.136,415,1862,0.722,33.027,138,192,463,1207,1660,1107,0.891,0.003,49.96
15:13.,232.45,236.25,235.2,0.798,1.962,5.142,415,1858,0.729,33.027,135,186,463,1209,1658,1108,0.893,0.003,49.96
15:13.,232.54,236.3,235.24,0.81,1.968,5.118,415,1854,0.727,32.771,135,187,464,1203,1656,1106,0.893,0.003,49.96
15:14.,232.65,236.21,235.18,0.81,1.962,5.136,415,1859,0.727,33.027,135,187,463,1209,1657,1107,0.893,0.003,49.96
15:14.,232.47,236.23,235.11,0.804,1.962,5.118,415,1852,0.727,32.771,135,187,463,1202,1654,1104,0.893,0.003,49.96
15:15.,231.17,236.5,235.86,0.75,1.98,5.19,419,1863,0.747,32.259,124,166,469,1228,1661,1118,0.889,0.003,49.96
15:16.,229.65,237.09,236.8,0.774,1.986,5.22,421,1890,0.728,32.003,130,183,471,1236,1673,1122,0.884,0.003,49.96
15:16.,229.63,237.18,236.8,0.81,1.986,5.196,421,1891,0.73,31.747,134,186,471,1234,1675,1120,0.886,0.003,49.96
15:17.,229.52,237.2,236.96,0.804,1.986,5.232,421,1892,0.724,31.491,133,183,471,1238,1677,1123,0.884,0.003,49.96
15:18.,229.54,237.22,236.91,0.81,1.992,5.226,422,1896,0.725,32.003,134,186,472,1238,1678,1122,0.885,0.003,49.96
15:18.,229.5,237.31,236.94,0.81,1.992,5.202,422,1890,0.724,32.003,134,186,472,1232,1678,1122,0.888,0.003,49.96
15:19.,229.5,237.4,237,0.81,1.992,5.232,422,1896,0.723,32.003,133,184,473,1239,1678,1123,0.885,0.003,49.96
15:19.,229.7,237.22,237,0.81,1.992,5.208,422,1892,0.724,32.259,134,186,472,1234,1678,1122,0.887,0.003,49.96
15:20.,229.57,237.24,236.96,0.804,1.986,5.202,421,1886,0.726,32.003,134,184,471,1231,1675,1120,0.888,0.003,49.96
15:21.,229.65,237.31,237.07,0.81,1.992,5.232,422,1898,0.725,32.003,134,186,472,1240,1679,1123,0.885,0.003,49.96
15:21.,229.57,237.46,237.13,0.798,1.998,5.208,423,1891,0.727,31.747,133,183,473,1235,1679,1123,0.887,0.003,49.96
15:22.,229.54,237.27,237.09,0.792,1.992,5.232,422,1892,0.73,32.003,132,180,472,1240,1677,1123,0.884,0.003,49.96
15:23.,229.63,237.42,237.05,0.804,1.992,5.232,422,1896,0.726,32.003,134,184,472,1240,1680,1124,0.885,0.003,49.96
15:23.,229.63,237.49,236.98,0.81,1.992,5.388,422,1936,0.725,31.491,134,186,473,1277,1730,1174,0.893,0.003,49.96
15:24.,229.72,237.42,236.76,0.816,1.992,5.616,422,1989,0.723,31.491,135,187,473,1329,1792,1235,0.902,0.003,49.96
15:24.,229.63,237.35,236.76,0.81,1.992,5.7,421,2007,0.723,31.747,134,186,472,1349,1809,1254,0.901,0.003,49.97
15:25.,231.22,236.83,235.81,0.966,1.98,5.724,418,2040,0.681,32.259,151,223,468,1349,1830,1261,0.897,0.003,49.97
15:26.,232.67,236.32,235,0.804,1.962,5.706,417,1992,0.728,33.027,135,187,464,1341,1811,1259,0.908,0.003,49.97
15:26.,232.65,236.28,234.98,0.804,1.962,5.694,415,1989,0.728,33.027,135,187,464,1338,1807,1257,0.91,0.003,49.97
15:27.,232.67,236.5,234.87,0.81,1.968,5.682,417,1986,0.727,32.771,137,187,465,1334,1808,1254,0.908,0.003,49.97
15:28.,232.62,236.56,235.15,0.804,1.974,5.352,418,1892,0.728,32.771,135,187,467,1238,1696,1143,0.895,0.003,49.97
15:28.,232.58,236.78,235.18,0.804,1.974,5.202,419,1864,0.723,32.515,135,186,467,1211,1672,1118,0.895,0.003,49.97
15:29.,232.45,236.65,234.98,0.792,1.974,5.268,418,1928,0.723,32.771,134,184,467,1277,1697,1145,0.88,0.003,49.97
15:29.,232.56,236.54,234.82,0.798,1.968,5.532,417,1949,0.729,32.771,134,186,465,1298,1769,1218,0.908,0.003,49.98
15:31.,232.4,236.56,234.69,0.81,1.968,5.682,418,1986,0.726,32.771,135,187,465,1334,1808,1255,0.91,0.003,49.98
15:31.,232.38,236.56,234.65,0.816,1.968,5.7,418,1991,0.723,32.771,137,188,465,1338,1812,1257,0.91,0.003,49.98
15:31.,232.25,236.58,234.63,0.81,1.968,5.706,417,1990,0.726,32.771,135,187,465,1338,1811,1259,0.908,0.003,49.98
15:32.,232.29,236.67,234.54,0.804,1.974,5.706,418,1992,0.726,32.515,135,187,467,1338,1810,1257,0.908,0.003,49.98
15:33.,232.38,236.69,234.58,0.81,1.974,5.688,418,1988,0.726,32.771,135,188,467,1333,1808,1255,0.91,0.003,49.98
15:33.,232.23,236.69,234.58,0.81,1.974,5.676,418,1984,0.724,32.515,135,187,467,1330,1805,1252,0.91,0.003,49.98
15:34.,232.38,236.65,234.67,0.81,1.968,5.664,417,1980,0.727,32.771,137,188,465,1327,1804,1250,0.91,0.003,49.99
15:34.,232.62,236.63,234.91,0.792,1.968,5.664,418,1979,0.73,33.027,134,184,465,1330,1802,1250,0.91,0.003,49.99
15:36.,230.05,237.49,236.3,0.726,1.992,5.706,422,1987,0.746,32.003,124,166,472,1349,1802,1256,0.906,0.003,49.99
15:36.,229.79,237.62,236.39,0.804,1.992,5.7,423,2004,0.726,31.747,134,184,473,1347,1812,1255,0.905,0.003,49.99
15:36.,229.61,237.71,236.41,0.798,1.998,5.688,423,2003,0.728,31.491,133,183,475,1345,1808,1252,0.903,0.003,49.99
15:37.,229.65,237.71,236.45,0.804,1.998,5.676,423,2001,0.728,31.747,134,184,475,1342,1808,1251,0.904,0.003,49.99
15:38.,229.65,237.79,236.54,0.798,1.998,5.682,425,2001,0.727,31.747,133,183,475,1343,1809,1251,0.904,0.003,50
15:38.,229.63,237.68,236.58,0.816,1.998,5.676,423,2003,0.724,31.747,134,186,475,1342,1805,1248,0.901,0.003,50
15:39.,229.57,237.79,236.61,0.804,1.998,5.67,423,2000,0.725,32.003,134,184,475,1341,1804,1247,0.902,0.003,50
15:39.,229.72,237.66,236.54,0.792,1.992,5.652,423,1992,0.73,32.003,133,182,473,1337,1799,1243,0.902,0.003,50
15:41.,229.68,237.88,236.69,0.804,2.004,5.664,425,1996,0.721,31.491,133,183,476,1337,1801,1243,0.902,0.003,50
15:41.,229.7,237.82,236.63,0.798,1.998,5.646,423,1992,0.728,31.747,133,183,475,1334,1798,1242,0.902,0.003,50
15:41.,229.54,237.82,236.54,0.804,1.998,5.628,425,1990,0.726,32.003,134,184,475,1331,1798,1239,0.902,0.003,50
15:42.,229.59,237.77,236.65,0.81,1.998,5.634,425,1994,0.726,32.003,134,186,475,1333,1798,1239,0.902,0.003,50
15:43.,229.52,237.77,236.61,0.798,1.998,5.64,425,1992,0.728,31.747,133,183,475,1334,1797,1239,0.902,0.003,50.01
15:43.,229.57,237.82,236.74,0.804,1.998,5.634,423,1993,0.728,31.747,134,184,475,1334,1796,1239,0.902,0.003,50.01
15:44.,229.61,237.79,236.78,0.81,1.998,5.628,423,1992,0.725,32.003,134,186,475,1331,1795,1238,0.9,0.003,50.01
15:44.,229.68,237.73,236.8,0.804,1.992,5.634,423,1991,0.727,31.747,133,184,473,1334,1795,1239,0.9,0.003,50.01
15:46.,231.17,237.38,235.92,0.954,1.986,5.604,421,2014,0.683,32.259,150,221,471,1322,1803,1232,0.893,0.003,50.02
15:46.,232.65,237,234.93,0.846,1.974,5.556,419,1968,0.714,32.771,139,196,467,1305,1781,1223,0.905,0.003,50.02
15:46.,232.6,236.98,234.85,0.798,1.974,5.544,419,1956,0.729,32.515,135,186,468,1302,1776,1222,0.908,0.003,50.02
15:47.,232.6,236.98,234.91,0.81,1.974,5.556,419,1959,0.727,32.771,137,188,467,1304,1779,1223,0.907,0.003,50.02
15:48.,232.69,236.91,234.87,0.822,1.974,5.556,419,1963,0.723,32.771,138,191,467,1305,1779,1222,0.905,0.003,50.02
15:48.,232.65,236.98,234.89,0.816,1.974,5.55,418,1959,0.723,32.771,137,190,467,1302,1777,1222,0.907,0.003,50.02
15:49.,232.47,236.89,234.93,0.81,1.974,5.538,418,1956,0.726,32.771,137,188,467,1301,1776,1221,0.906,0.003,50.02
15:49.,232.6,236.72,234.78,0.798,1.968,5.532,418,1949,0.728,33.027,134,186,465,1298,1771,1219,0.908,0.003,50.02
15:50.,232.58,236.72,234.69,0.816,1.968,5.538,418,1955,0.723,33.027,137,190,465,1300,1773,1218,0.906,0.003,50.02
15:51.,232.38,236.61,234.47,0.816,1.962,5.52,417,1946,0.724,33.027,137,188,464,1294,1769,1215,0.908,0.003,50.02
15:51.,232.34,236.54,234.52,0.804,1.968,5.52,418,1945,0.728,33.283,135,186,465,1294,1768,1215,0.91,0.003,50.02
15:52.,232.34,236.58,234.69,0.81,1.968,5.538,419,1950,0.726,33.027,135,187,467,1296,1769,1215,0.908,0.003,50.02
15:53.,232.23,236.72,234.52,0.81,1.968,5.52,418,1950,0.724,33.027,135,188,465,1297,1768,1215,0.906,0.003,50.02
15:53.,232.29,236.69,234.47,0.804,1.968,5.52,418,1945,0.727,33.283,135,187,465,1293,1767,1214,0.908,0.003,50.02
15:54.,232.32,236.83,234.49,0.81,1.968,5.526,418,1951,0.727,33.027,137,188,467,1296,1770,1215,0.906,0.003,50.02
15:54.,232.21,236.69,234.52,0.804,1.968,5.526,418,1947,0.727,33.027,134,186,465,1296,1767,1215,0.906,0.003,50.02
15:55.,229.87,237.6,235.95,0.714,1.992,5.568,423,1951,0.748,32.259,122,165,473,1313,1769,1224,0.906,0.003,50.02
15:56.,229.46,237.71,236.19,0.804,1.998,5.586,423,1976,0.725,32.003,133,183,473,1320,1784,1228,0.903,0.003,50.02
15:56.,229.5,237.79,236.19,0.792,1.998,5.592,423,1977,0.73,32.003,133,182,475,1320,1784,1228,0.903,0.003,50.02
15:57.,229.46,237.9,236.36,0.804,1.998,5.592,425,1980,0.726,32.003,134,184,475,1321,1787,1228,0.902,0.003,50.02
15:58.,229.57,237.9,236.41,0.81,1.998,5.58,425,1979,0.724,31.747,134,186,475,1318,1786,1227,0.902,0.003,50.02
15:58.,229.54,237.93,236.39,0.816,1.998,5.592,425,1983,0.724,31.747,135,187,475,1321,1788,1228,0.902,0.003,50.02
15:59.,229.5,237.95,236.47,0.822,2.004,5.598,425,1986,0.719,31.747,135,188,476,1322,1788,1228,0.9,0.003,50.02
15:59.,229.57,237.93,236.45,0.816,1.998,5.58,425,1982,0.722,31.747,135,187,475,1320,1787,1227,0.902,0.003,50.02
16:00.,229.57,237.97,236.56,0.786,2.004,5.592,426,1979,0.733,32.003,132,180,477,1322,1788,1230,0.902,0.003,50.02
16:01.,229.7,238.06,236.54,0.81,2.01,5.598,426,1986,0.728,31.747,134,184,477,1325,1790,1230,0.9,0.003,50.02
16:01.,229.59,238.08,236.58,0.804,2.01,5.598,426,1984,0.727,31.491,134,184,477,1323,1790,1230,0.902,0.003,50.02
16:02.,229.54,238.08,236.54,0.81,2.01,5.586,426,1984,0.724,31.491,134,186,477,1321,1788,1228,0.902,0.003,50.02
16:03.,229.41,238.08,236.52,0.798,2.01,5.598,426,1985,0.727,31.747,133,183,479,1323,1789,1230,0.902,0.003,50.02
16:03.,229.35,238.04,236.47,0.798,2.004,5.592,426,1982,0.728,31.747,133,183,477,1322,1787,1228,0.9,0.003,50.02
16:04.,229.35,237.97,236.45,0.81,2.004,5.586,425,1980,0.728,31.747,134,184,476,1320,1786,1227,0.902,0.003,50.02
16:04.,229.37,237.95,236.5,0.816,2.004,5.598,425,1981,0.728,31.747,135,187,476,1318,1787,1227,0.902,0.003,50.02
16:05.,230.56,237.64,235.92,0.978,1.998,5.556,423,2010,0.671,32.771,151,225,475,1310,1796,1222,0.893,0.003,50.02
16:06.,232.36,236.91,234.85,0.81,1.98,5.52,419,1951,0.727,32.771,135,187,468,1296,1769,1215,0.906,0.003,50.01
16:06.,232.36,236.94,234.85,0.792,1.98,5.526,419,1950,0.732,32.515,134,184,468,1298,1768,1215,0.906,0.003,50.01
16:08.,232.4,237,234.87,0.798,1.98,5.532,421,1951,0.733,32.771,135,184,469,1298,1771,1215,0.906,0.003,50.01
16:08.,232.36,237,234.76,0.81,1.98,5.526,421,1953,0.728,32.771,137,188,468,1297,1773,1215,0.908,0.003,50.01
16:08.,232.4,237,234.67,0.798,1.98,5.526,419,1951,0.731,32.771,135,186,468,1297,1771,1217,0.906,0.003,50.01
16:09.,232.38,237.05,234.74,0.804,1.98,5.538,421,1956,0.729,32.771,135,187,469,1300,1774,1218,0.906,0.003,50.01
16:10.,232.45,236.91,234.78,0.81,1.98,5.538,421,1955,0.729,32.771,137,187,468,1300,1775,1217,0.906,0.003,50.01
16:10.,232.49,237.11,235,0.822,1.986,5.538,421,1962,0.725,32.515,138,191,471,1300,1777,1218,0.907,0.003,50.01
16:11.,232.51,237.09,234.93,0.816,1.986,5.538,421,1959,0.725,32.515,137,190,469,1300,1776,1218,0.905,0.003,50.01
16:11.,232.49,237.11,234.85,0.816,1.98,5.544,421,1960,0.725,32.515,137,190,469,1301,1776,1218,0.905,0.003,50.01
16:12.,232.49,237.16,234.78,0.822,1.986,5.538,421,1961,0.725,32.515,138,190,471,1300,1776,1217,0.905,0.003,50.01
16:13.,232.16,236.98,234.67,0.828,1.98,5.52,419,1954,0.721,32.515,138,191,469,1294,1771,1214,0.904,0.003,50
16:13.,232.21,236.87,234.67,0.828,1.98,5.526,419,1956,0.723,32.771,138,191,468,1297,1772,1215,0.906,0.003,50
16:14.,232.29,237.05,234.8,0.816,1.98,5.544,419,1960,0.724,32.515,137,190,469,1301,1774,1218,0.905,0.003,50
16:15.,232.36,237.05,234.67,0.822,1.98,5.532,421,1957,0.725,32.515,138,190,469,1298,1776,1217,0.906,0.003,50
16:15.,230.16,237.73,236.32,0.822,2.004,5.592,426,1986,0.712,31.747,134,188,477,1321,1790,1230,0.9,0.003,50
16:16.,229.5,238.01,236.43,1.032,2.01,5.604,426,1996,0.709,31.747,139,196,477,1323,1795,1230,0.898,0.003,50
16:16.,229.52,237.9,236.41,0.81,2.004,5.586,426,1985,0.723,32.003,134,184,476,1325,1790,1230,0.902,0.003,50
16:17.,229.43,237.95,236.32,0.798,2.004,5.592,426,1985,0.726,31.747,133,183,477,1325,1789,1230,0.902,0.003,50
16:18.,229.43,237.95,236.45,0.816,2.004,5.574,426,1982,0.723,31.747,134,187,477,1318,1782,1222,0.898,0.003,50
16:18.,229.32,237.95,236.5,0.792,2.01,5.412,426,1937,0.73,31.747,132,180,477,1280,1742,1184,0.899,0.003,50
16:19.,229.48,238.06,236.54,0.81,2.01,5.61,426,1991,0.725,31.491,134,186,479,1326,1795,1235,0.9,0.003,50
16:20.,229.59,238.08,236.61,0.804,2.01,5.688,426,2009,0.727,31.491,134,184,479,1346,1814,1254,0.903,0.003,50
16:20.,229.76,238.17,236.69,0.816,2.016,5.712,427,2019,0.722,31.491,135,187,479,1353,1821,1259,0.901,0.003,50
16:21.,229.7,238.17,236.72,0.81,2.016,5.706,427,2015,0.724,31.747,134,186,479,1350,1818,1257,0.901,0.003,50
16:21.,229.63,238.08,236.74,0.81,2.01,5.694,427,2012,0.724,31.747,134,186,479,1347,1816,1255,0.903,0.003,50
16:22.,229.57,238.06,236.76,0.792,2.01,5.688,426,2008,0.73,31.491,133,182,479,1347,1813,1254,0.903,0.003,50
16:23.,229.54,238.06,236.74,0.798,2.01,5.688,427,2008,0.728,31.491,133,183,479,1346,1812,1252,0.903,0.003,50
16:23.,229.61,238.08,236.72,0.804,2.01,5.688,426,2009,0.727,31.491,133,184,479,1346,1810,1251,0.901,0.003,50
16:24.,229.52,237.95,236.63,0.81,2.004,5.67,426,2004,0.725,31.747,134,186,477,1341,1808,1248,0.903,0.003,50
16:25.,229.63,237.99,236.5,0.81,2.01,5.658,425,2000,0.723,31.491,134,186,477,1337,1805,1246,0.902,0.003,50
16:25.,232.07,237.13,235.07,0.912,1.986,5.598,421,1998,0.695,32.771,146,211,471,1316,1799,1232,0.9,0.003,50
16:26.,232.56,236.83,234.67,0.804,1.98,5.586,419,1967,0.73,32.771,135,187,468,1312,1784,1230,0.907,0.003,50
16:26.,232.51,236.89,234.67,0.804,1.98,5.586,419,1964,0.73,32.771,135,186,468,1310,1782,1228,0.907,0.003,49.99
16:28.,232.54,236.89,234.63,0.798,1.98,5.574,419,1960,0.731,32.771,134,184,468,1308,1780,1227,0.909,0.003,49.99
16:28.,232.43,236.89,234.65,0.798,1.98,5.478,419,1943,0.725,32.771,137,190,468,1285,1758,1202,0.904,0.003,49.99
16:28.,232.49,236.8,234.76,0.804,1.98,5.334,419,1886,0.73,33.027,135,186,468,1232,1693,1139,0.899,0.003,49.99
16:29.,232.54,236.85,234.93,0.81,1.98,5.172,419,1857,0.731,32.515,137,188,468,1201,1662,1106,0.895,0.003,49.99
16:30.,232.36,236.8,235,0.81,1.974,5.088,419,1850,0.728,32.771,135,187,468,1195,1652,1098,0.892,0.003,49.99
16:30.,232.47,236.83,235.04,0.792,1.974,5.064,419,1841,0.731,33.027,134,184,467,1190,1644,1091,0.892,0.003,49.99
16:31.,232.58,236.72,235,0.804,1.974,5.082,418,1847,0.729,33.027,135,186,467,1194,1645,1092,0.892,0.003,49.99
16:31.,232.56,236.72,235,0.81,1.974,5.064,418,1844,0.728,32.771,137,188,467,1189,1646,1091,0.892,0.003,49.98
16:33.,232.43,236.91,234.96,0.804,1.974,5.088,419,1850,0.726,32.515,135,187,468,1195,1649,1095,0.892,0.003,49.98
16:33.,232.51,236.94,235.07,0.816,1.98,5.124,421,1860,0.725,32.771,137,188,469,1203,1662,1104,0.893,0.003,49.98
16:33.,232.45,237.05,234.96,0.816,1.98,5.394,421,1926,0.724,32.515,137,190,469,1267,1739,1181,0.903,0.003,49.98
16:34.,232.45,237.05,234.89,0.804,1.98,5.556,421,1959,0.729,32.515,135,186,469,1304,1779,1223,0.907,0.003,49.98
16:35.,232.4,236.98,234.76,0.786,1.98,5.628,419,1973,0.733,32.515,134,183,469,1321,1795,1242,0.909,0.003,49.98
16:35.,229.52,237.71,236.25,0.744,1.998,5.73,425,1998,0.743,32.003,126,170,475,1353,1812,1261,0.908,0.003,49.98
16:36.,229.41,237.66,236.32,0.816,2.004,5.73,425,2015,0.72,32.003,134,187,475,1353,1820,1261,0.903,0.003,49.98
16:36.,229.26,237.66,236.34,0.81,1.998,5.724,423,2014,0.722,31.747,134,186,475,1353,1818,1261,0.903,0.003,49.97
16:37.,229.1,237.66,236.25,0.792,2.004,5.718,423,2007,0.73,31.491,133,182,475,1350,1816,1260,0.905,0.003,49.97
16:38.,229.17,237.66,236.43,0.798,1.998,5.622,423,1987,0.727,31.747,133,183,475,1329,1791,1235,0.9,0.003,49.97
16:38.,229.21,237.73,236.61,0.804,2.004,5.364,425,1929,0.726,31.747,134,184,476,1269,1723,1164,0.893,0.003,49.97
16:39.,229.15,237.62,236.69,0.81,1.998,5.202,423,1892,0.725,31.747,134,186,475,1231,1680,1123,0.887,0.003,49.97
16:40.,229.15,237.64,236.67,0.804,2.004,5.19,425,1887,0.727,32.003,133,184,476,1227,1670,1112,0.884,0.003,49.97
16:40.,229.46,237.71,236.83,0.798,2.004,5.19,425,1887,0.729,31.747,133,183,476,1228,1669,1111,0.882,0.003,49.97
16:41.,229.39,237.71,236.87,0.81,2.004,5.184,425,1884,0.732,31.747,134,186,477,1221,1667,1108,0.884,0.003,49.97
16:42.,229.3,237.79,236.91,0.822,2.004,5.19,425,1893,0.727,31.747,135,188,477,1228,1670,1110,0.882,0.003,49.97
16:42.,229.39,237.88,236.98,0.798,2.01,5.196,426,1893,0.729,31.747,133,183,479,1231,1673,1114,0.882,0.003,49.97
16:43.,229.43,237.86,237,0.81,2.016,5.202,427,1897,0.727,31.491,134,186,479,1232,1676,1115,0.883,0.003,49.97
16:43.,229.35,237.88,237.11,0.81,2.016,5.208,427,1899,0.726,31.747,134,186,479,1234,1676,1115,0.883,0.003,49.97
16:44.,229.37,237.86,237,0.816,2.01,5.208,426,1898,0.723,31.747,134,187,477,1234,1676,1116,0.883,0.003,49.97
16:45.,229.32,237.88,236.94,0.798,2.01,5.22,426,1898,0.729,31.491,133,183,479,1236,1682,1123,0.887,0.003,49.97
16:45.,231.94,236.94,235.18,0.912,1.98,5.604,421,1998,0.697,32.515,147,212,469,1317,1800,1232,0.9,0.003,49.97
16:46.,232.4,236.91,234.87,0.816,1.98,5.658,419,1985,0.726,32.515,137,188,468,1329,1803,1247,0.908,0.003,49.97
16:46.,232.43,236.83,234.89,0.81,1.974,5.688,419,1991,0.728,32.515,137,188,468,1335,1810,1254,0.908,0.003,49.97
16:47.,232.38,236.89,234.91,0.81,1.98,5.688,419,1993,0.729,32.515,137,187,469,1337,1811,1255,0.908,0.003,49.97
16:48.,232.27,236.8,234.87,0.798,1.974,5.628,418,1974,0.731,32.515,135,186,467,1321,1793,1240,0.909,0.003,49.97
16:48.,232.34,236.8,234.98,0.798,1.98,5.34,419,1906,0.732,32.771,135,184,468,1254,1716,1162,0.902,0.003,49.96
16:49.,232.25,236.8,235.04,0.798,1.986,5.184,421,1873,0.729,32.771,134,186,469,1218,1674,1119,0.894,0.003,49.96
16:50.,232.29,236.72,235.11,0.81,1.98,5.13,419,1862,0.724,32.515,137,188,468,1206,1663,1107,0.893,0.003,49.96
16:50.,232.34,236.61,235.18,0.816,1.98,5.118,421,1859,0.724,33.027,137,188,468,1203,1660,1102,0.891,0.003,49.96
16:51.,232.23,236.65,235.11,0.804,1.974,5.124,418,1859,0.728,32.771,135,187,467,1205,1655,1102,0.891,0.003,49.96
16:52.,232.29,236.63,235.07,0.792,1.974,5.112,418,1852,0.731,32.771,134,184,467,1201,1652,1100,0.891,0.003,49.96
16:52.,232.25,236.74,235.09,0.798,1.974,5.124,418,1857,0.729,32.515,135,187,467,1203,1653,1100,0.891,0.003,49.96
16:53.,232.25,236.63,235.11,0.81,1.974,5.094,418,1857,0.73,32.515,137,187,467,1203,1655,1100,0.891,0.003,49.96
16:53.,232.21,236.67,235.09,0.798,1.974,5.118,418,1854,0.726,32.515,135,186,467,1201,1655,1102,0.893,0.003,49.96
16:54.,232.32,236.74,235.09,0.798,1.974,5.094,418,1849,0.731,32.515,135,184,467,1198,1652,1099,0.892,0.003,49.96
16:55.,232.34,236.74,235.04,0.804,1.974,5.118,418,1857,0.73,32.771,135,187,467,1203,1655,1102,0.891,0.003,49.95
16:55.,229.85,237.42,236.58,0.744,1.998,5.196,423,1872,0.742,32.003,126,171,473,1228,1664,1115,0.887,0.003,49.95
16:56.,229.63,237.51,236.78,0.816,1.998,5.178,423,1886,0.722,31.747,135,187,473,1226,1673,1115,0.888,0.003,49.95
16:57.,229.59,237.51,236.67,0.804,1.998,5.328,423,1917,0.727,31.747,133,183,473,1261,1711,1155,0.892,0.003,49.95
16:57.,229.26,237.46,236.36,0.798,1.998,5.58,423,1973,0.729,32.003,133,182,473,1318,1779,1223,0.901,0.003,49.95
16:58.,229.35,237.62,236.25,0.798,2.004,5.694,425,2003,0.729,31.747,133,182,476,1345,1813,1255,0.905,0.003,49.95
16:58.,229.35,237.49,236.5,0.81,1.998,5.394,423,1934,0.725,31.747,134,186,473,1275,1729,1172,0.895,0.003,49.96
16:59.,229.39,237.51,236.63,0.852,1.998,5.256,423,1914,0.714,32.003,139,196,475,1243,1693,1131,0.886,0.003,49.96
17:00.,229.61,237.2,236.61,0.816,1.992,5.214,422,1890,0.723,32.259,134,187,471,1232,1678,1122,0.888,0.003,49.96
17:00.,229.81,237.18,236.76,0.798,1.986,5.202,421,1885,0.729,32.259,133,183,471,1231,1672,1118,0.886,0.003,49.96
17:01.,229.72,237.11,236.65,0.798,1.986,5.208,421,1884,0.73,32.515,133,183,469,1232,1670,1116,0.886,0.003,49.96
17:02.,229.72,237.18,236.67,0.786,1.986,5.196,421,1879,0.732,32.259,132,180,471,1228,1669,1116,0.886,0.003,49.96
17:02.,229.72,237.13,236.78,0.81,1.992,5.214,422,1891,0.727,32.259,134,186,471,1234,1672,1116,0.884,0.003,49.96
17:03.,229.87,237.4,237.02,0.798,2.01,5.22,426,1897,0.729,32.259,133,183,476,1238,1678,1119,0.885,0.003,49.96
17:03.,229.81,237.29,237,0.786,1.998,5.208,423,1887,0.731,32.003,132,180,473,1234,1674,1119,0.886,0.003,49.96
17:04.,229.85,237.24,236.94,0.816,1.992,5.226,422,1892,0.73,32.259,133,182,472,1238,1674,1119,0.884,0.003,49.96
17:05.,229.76,237.38,236.96,0.81,1.992,5.214,421,1889,0.728,32.003,134,184,471,1234,1673,1118,0.884,0.003,49.96
17:05.,232.14,236.39,235.62,0.948,1.974,5.142,418,1892,0.719,33.283,151,220,467,1205,1676,1107,0.884,0.003,49.96
17:06.,232.91,236.28,235.2,0.798,1.968,5.106,418,1851,0.731,33.283,135,186,464,1201,1656,1103,0.895,0.003,49.96
17:07.,232.93,236.21,235.15,0.798,1.962,5.148,415,1859,0.731,33.027,135,186,463,1210,1660,1110,0.893,0.003,49.96
17:07.,232.89,236.45,234.85,0.798,1.968,5.592,418,1964,0.731,33.027,135,186,465,1313,1784,1231,0.909,0.003,49.96
17:08.,233.06,236.5,235,0.816,1.974,5.634,419,1980,0.727,33.027,138,190,467,1323,1800,1243,0.91,0.003,49.96
17:09.,232.91,236.47,235.2,0.804,1.974,5.412,418,1923,0.73,33.027,135,186,465,1272,1734,1181,0.901,0.003,49.96
17:09.,232.87,236.32,235.15,0.804,1.968,5.202,418,1875,0.73,33.283,135,187,465,1223,1677,1124,0.894,0.003,49.96
17:10.,232.87,236.34,235.22,0.816,1.968,5.154,417,1867,0.728,33.027,138,190,464,1213,1665,1110,0.891,0.003,49.96
17:10.,232.87,236.21,235.13,0.804,1.962,5.136,417,1858,0.728,33.283,137,187,464,1207,1662,1108,0.895,0.003,49.97
17:12.,232.87,236.28,235.22,0.804,1.962,5.148,415,1861,0.73,33.283,137,187,463,1211,1660,1108,0.891,0.003,49.97
17:12.,232.87,236.25,235.24,0.792,1.962,5.13,417,1854,0.733,33.283,134,184,463,1207,1658,1107,0.895,0.003,49.97
17:12.,232.87,236.41,235.24,0.798,1.974,5.136,418,1858,0.733,33.027,135,186,465,1207,1661,1108,0.895,0.003,49.97
17:13.,232.78,236.32,235.22,0.798,1.962,5.148,417,1861,0.732,33.027,135,186,464,1211,1660,1108,0.891,0.003,49.97
17:14.,232.82,236.36,235.15,0.804,1.974,5.304,418,1899,0.731,33.027,135,187,465,1247,1710,1157,0.9,0.003,49.97
17:14.,232.82,236.43,235.04,0.816,1.968,5.556,417,1959,0.725,33.027,137,190,464,1305,1776,1222,0.905,0.003,49.97
17:15.,231.26,237.09,235.92,0.732,1.986,5.73,421,1990,0.745,32.515,126,168,471,1351,1810,1263,0.908,0.003,49.97
17:15.,230.14,237.33,236.58,0.768,1.992,5.778,422,2014,0.738,32.259,130,176,472,1366,1827,1275,0.905,0.003,49.97
17:17.,230.01,237.46,236.58,0.798,1.992,5.784,423,2024,0.731,32.003,134,183,473,1368,1834,1277,0.906,0.003,49.97
17:17.,229.96,237.38,236.72,0.798,1.992,5.79,423,2022,0.732,32.003,134,182,473,1367,1833,1276,0.906,0.003,49.97
17:17.,229.92,237.46,236.67,0.792,1.992,5.778,422,2019,0.729,32.003,133,182,473,1364,1830,1275,0.905,0.003,49.98
17:18.,229.87,237.49,236.69,0.798,1.998,5.766,423,2020,0.732,32.003,133,183,473,1364,1828,1272,0.905,0.003,49.98
17:19.,229.81,237.42,236.65,0.786,1.992,5.688,423,1997,0.734,32.259,132,180,472,1345,1809,1254,0.906,0.003,49.98
17:19.,229.59,237.29,236.61,0.798,1.992,5.742,422,2013,0.73,32.259,134,183,472,1358,1823,1267,0.905,0.003,49.98
17:20.,229.7,237.31,236.54,0.798,1.992,5.76,422,2017,0.729,32.259,133,183,472,1362,1826,1271,0.905,0.003,49.98
17:20.,229.79,237.18,236.5,0.804,1.986,5.754,422,2015,0.728,32.515,134,184,471,1360,1825,1269,0.905,0.003,49.99
17:22.,229.72,237.27,236.47,0.804,1.986,5.748,422,2014,0.727,32.515,134,184,471,1359,1824,1268,0.905,0.003,49.99
17:22.,229.72,237.18,236.61,0.822,1.986,5.748,421,2018,0.724,32.259,137,188,471,1359,1825,1267,0.903,0.003,49.99
17:22.,229.63,237.33,236.61,0.81,1.986,5.712,422,2009,0.727,32.515,134,186,472,1351,1815,1259,0.903,0.003,49.99
17:23.,229.68,237.29,236.56,0.804,1.986,5.7,422,2002,0.727,32.515,134,184,471,1347,1812,1256,0.905,0.003,50
17:24.,229.65,237.33,236.56,0.804,1.986,5.694,422,2003,0.727,32.259,134,184,472,1347,1811,1255,0.903,0.003,50
17:24.,229.63,237.42,236.54,0.798,1.992,5.694,422,2001,0.729,32.259,134,183,472,1346,1810,1254,0.904,0.003,50
17:25.,230.18,237.57,236.74,0.846,1.998,5.688,423,2013,0.713,32.003,138,194,473,1346,1813,1252,0.901,0.003,50
17:25.,233.02,236.65,235.24,0.834,1.968,5.628,418,1982,0.721,33.027,139,194,465,1323,1797,1240,0.906,0.003,50.01
17:27.,233.15,236.63,235.13,0.816,1.974,5.622,419,1978,0.727,33.027,137,190,467,1321,1795,1239,0.907,0.003,50.01
17:27.,233,236.65,235.11,0.804,1.974,5.616,418,1972,0.729,33.027,137,187,465,1320,1793,1238,0.909,0.003,50.01
17:27.,232.91,236.63,235.11,0.798,1.974,5.61,419,1971,0.731,33.283,135,186,467,1318,1788,1234,0.907,0.003,50.01
17:28.,232.93,236.74,235.09,0.81,1.974,5.598,419,1971,0.726,33.283,137,188,467,1316,1788,1232,0.907,0.003,50.01
17:29.,232.87,236.72,235.11,0.792,1.974,5.598,421,1970,0.73,33.283,137,188,468,1314,1789,1231,0.907,0.003,50.01
17:29.,232.95,236.8,235.09,0.81,1.98,5.604,421,1969,0.731,33.283,137,188,468,1313,1790,1232,0.909,0.003,50.02
17:30.,233,236.76,235.04,0.81,1.974,5.586,418,1967,0.73,33.283,137,187,467,1313,1786,1231,0.907,0.003,50.02
17:30.,232.84,236.72,235.04,0.804,1.968,5.58,418,1964,0.727,33.283,135,187,465,1312,1783,1230,0.907,0.003,50.02
17:31.,233,236.63,234.98,0.798,1.968,5.586,418,1963,0.73,33.283,135,186,465,1312,1784,1231,0.909,0.003,50.02
17:32.,232.91,236.72,235.18,0.804,1.968,5.592,418,1966,0.729,33.283,137,187,465,1314,1786,1231,0.907,0.003,50.02
17:32.,232.95,236.78,235.04,0.804,1.968,5.574,418,1962,0.728,33.027,135,187,465,1310,1780,1227,0.907,0.003,50.03
17:33.,232.89,236.67,234.98,0.798,1.962,5.562,417,1956,0.731,33.027,135,186,464,1306,1776,1224,0.908,0.003,50.03
17:34.,232.87,236.58,235.11,0.81,1.962,5.562,417,1960,0.727,33.283,137,188,464,1308,1780,1226,0.907,0.003,50.02
17:34.,232.82,236.74,235.02,0.81,1.968,5.562,418,1961,0.725,33.283,137,188,465,1308,1779,1224,0.907,0.003,50.03
17:35.,231.39,236.98,235.77,0.744,1.98,5.598,419,1959,0.74,33.027,126,171,468,1320,1775,1230,0.905,0.003,50.03
17:36.,230.01,237.42,236.56,0.768,1.992,5.604,423,1975,0.735,32.515,130,176,473,1326,1787,1234,0.903,0.003,50.02
17:36.,230.01,237.27,236.52,0.798,1.986,5.604,422,1979,0.728,32.771,133,183,471,1325,1787,1232,0.902,0.003,50.02
17:37.,229.9,237.49,236.63,0.804,1.986,5.61,422,1983,0.726,32.259,134,184,472,1327,1790,1234,0.902,0.003,50.02
17:37.,229.81,237.42,236.67,0.804,1.986,5.616,422,1984,0.728,32.259,134,184,471,1329,1790,1234,0.902,0.003,50.02
17:38.,229.74,237.51,236.67,0.798,1.992,5.598,423,1980,0.729,32.515,133,183,472,1325,1788,1232,0.904,0.003,50.02
17:39.,229.79,237.44,236.65,0.798,1.992,5.604,423,1982,0.728,32.515,133,183,473,1326,1788,1232,0.902,0.003,50.02
17:39.,229.83,237.46,236.61,0.81,1.992,5.61,423,1985,0.725,32.259,134,186,473,1326,1789,1232,0.902,0.003,50.02
17:40.,229.79,237.49,236.54,0.798,1.992,5.598,423,1981,0.729,32.515,133,183,473,1325,1787,1231,0.902,0.003,50.02
17:41.,229.7,237.38,236.5,0.798,1.992,5.604,422,1971,0.731,32.515,132,180,471,1320,1782,1228,0.903,0.003,50.02
17:41.,229.63,237.11,236.34,0.816,1.98,5.604,421,1978,0.725,32.515,135,187,469,1322,1787,1231,0.902,0.003,50.01
17:42.,229.52,237.29,236.41,0.798,1.986,5.598,421,1978,0.726,32.515,133,182,471,1325,1785,1231,0.903,0.003,50.01
17:42.,229.59,237.29,236.45,0.792,1.986,5.604,422,1978,0.729,32.515,132,182,471,1325,1785,1231,0.903,0.003,50.01
17:43.,229.59,237.29,236.39,0.81,1.986,5.604,421,1982,0.724,32.259,134,186,471,1325,1786,1231,0.902,0.003,50.01
17:44.,229.54,237.35,236.56,0.798,1.986,5.61,421,1981,0.727,32.515,133,183,471,1327,1785,1231,0.902,0.003,50.01
17:44.,229.65,237.29,236.5,0.798,1.98,5.592,421,1974,0.729,32.259,133,183,469,1322,1782,1228,0.901,0.003,50.01
17:45.,229.7,237.27,236.45,0.822,1.986,5.604,422,1986,0.718,32.515,135,190,471,1325,1788,1231,0.902,0.003,50.01
17:46.,232.49,236.32,234.71,0.852,1.962,5.544,417,1962,0.713,33.795,141,199,463,1300,1776,1218,0.905,0.003,50.01
17:46.,232.84,236.25,234.76,0.834,1.956,5.532,417,1955,0.721,33.795,139,194,463,1298,1773,1217,0.906,0.003,50.01
17:47.,232.91,236.43,235.04,0.81,1.962,5.532,415,1951,0.728,33.283,137,188,463,1300,1770,1218,0.906,0.003,50.01
17:47.,232.89,236.47,234.93,0.798,1.968,5.538,417,1950,0.73,33.283,135,186,464,1300,1769,1217,0.908,0.003,50
17:48.,232.98,236.5,234.89,0.798,1.962,5.538,417,1951,0.733,33.283,135,186,464,1301,1769,1217,0.906,0.003,50
17:49.,232.95,236.47,234.89,0.81,1.962,5.532,417,1950,0.728,33.283,137,188,464,1298,1769,1215,0.906,0.003,50
17:49.,232.91,236.47,234.91,0.804,1.962,5.526,417,1948,0.729,33.283,137,187,464,1297,1769,1215,0.908,0.003,50
17:50.,232.89,236.43,234.89,0.804,1.962,5.532,417,1951,0.729,33.283,135,187,464,1300,1767,1215,0.904,0.003,49.99
17:51.,232.82,236.52,234.93,0.81,1.962,5.538,417,1953,0.727,33.027,137,188,464,1301,1771,1217,0.906,0.003,49.99
17:51.,233.04,236.34,235,0.804,1.962,5.532,415,1950,0.726,33.283,135,187,463,1300,1767,1217,0.906,0.003,49.99
17:52.,233.02,236.65,235.02,0.804,1.968,5.538,417,1953,0.727,33.027,135,187,465,1301,1770,1218,0.906,0.003,49.99
17:52.,232.98,236.54,234.96,0.798,1.968,5.562,418,1959,0.725,33.283,137,188,465,1306,1777,1222,0.907,0.003,49.99
17:54.,232.91,236.47,235.02,0.804,1.968,5.55,418,1957,0.727,33.283,135,187,465,1305,1774,1221,0.906,0.003,49.98
17:54.,232.89,236.36,234.91,0.804,1.962,5.556,417,1955,0.73,33.283,135,187,464,1304,1773,1221,0.906,0.003,49.98
17:54.,232.82,236.39,235.02,0.816,1.962,5.568,417,1963,0.727,33.027,137,190,464,1309,1777,1223,0.905,0.003,49.98
17:55.,231.33,236.89,235.77,2.76,1.986,5.58,422,2423,0.601,33.027,384,638,469,1316,2032,1226,0.838,0.003,49.98
17:56.,229.79,237.35,236.69,1.98,1.992,5.61,422,2255,0.589,32.003,267,455,473,1327,1921,1232,0.85,0.003,49.98
17:56.,229.65,237.31,236.78,2.304,1.992,5.616,422,2329,0.595,32.259,314,528,472,1329,1968,1232,0.845,0.003,49.98
17:57.,230.12,237.29,236.76,0.84,1.992,5.622,423,1995,0.71,32.259,137,192,473,1330,1792,1232,0.898,0.003,49.98
17:57.,230.05,237.38,236.74,0.804,1.992,5.604,422,1982,0.724,32.259,133,184,472,1326,1786,1231,0.9,0.003,49.98
17:59.,229.83,237.44,236.63,0.804,1.998,5.61,423,1983,0.726,32.259,133,184,473,1326,1787,1231,0.9,0.003,49.98
17:59.,229.9,237.4,236.63,0.81,1.992,5.616,422,1985,0.725,32.003,134,186,472,1327,1787,1231,0.9,0.003,49.97
17:59.,229.92,237.38,236.78,0.81,1.992,5.622,422,1989,0.723,32.259,134,186,472,1331,1788,1232,0.9,0.003,49.97
18:00.,229.94,237.51,236.8,0.798,1.998,5.622,423,1986,0.727,32.003,133,183,473,1330,1790,1234,0.9,0.003,49.97
18:01.,229.96,237.44,236.8,0.816,1.992,5.622,423,1992,0.72,32.259,135,188,473,1331,1792,1234,0.9,0.003,49.97
18:01.,230.07,237.24,236.78,0.804,1.986,5.634,422,1988,0.728,32.259,134,184,471,1333,1791,1235,0.9,0.003,49.97
18:02.,229.94,237.31,236.83,0.798,1.992,5.634,422,1989,0.727,32.259,133,183,472,1334,1790,1235,0.9,0.003,49.97
18:02.,229.59,237.18,236.47,1.044,1.986,5.604,422,2034,0.632,32.259,150,238,471,1325,1803,1231,0.885,0.003,49.96
18:04.,229.08,237.27,236.56,2.652,1.998,5.616,425,2409,0.603,32.259,365,607,475,1327,2022,1232,0.84,0.003,49.96
18:04.,229.21,237.05,236.41,1.938,1.986,5.622,422,2241,0.59,32.515,261,443,471,1327,1914,1231,0.853,0.003,49.96
18:04.,229.15,237.29,236.56,2.22,1.998,5.622,423,2311,0.596,32.003,302,508,473,1330,1957,1232,0.845,0.003,49.96
18:05.,229.65,237.16,236.45,0.822,1.992,5.622,418,2002,0.681,32.515,135,221,467,1314,1777,1224,0.887,0.003,49.96
18:06.,232.49,236.25,234.82,0.876,1.962,5.55,415,1971,0.725,33.027,143,204,463,1304,1777,1219,0.901,0.003,49.96
18:06.,232.62,236.14,234.82,0.81,1.962,5.538,415,1951,0.72,33.539,135,187,463,1301,1767,1217,0.904,0.003,49.96
18:07.,232.65,236.08,234.78,0.804,1.962,5.538,415,1950,0.726,33.283,135,187,463,1300,1767,1217,0.906,0.003,49.96
18:07.,232.62,236.08,234.78,0.81,1.956,5.556,415,1954,0.724,33.283,137,188,462,1304,1771,1219,0.906,0.003,49.96
18:09.,232.69,236.17,234.8,0.816,1.962,5.55,415,1955,0.723,33.283,137,190,463,1302,1770,1218,0.904,0.003,49.96
18:09.,232.69,236.41,234.89,0.822,1.968,5.544,417,1958,0.722,33.027,137,191,465,1302,1772,1218,0.903,0.003,49.96
18:09.,232.87,236.41,234.91,0.81,1.968,5.544,417,1954,0.725,33.027,137,188,464,1302,1773,1219,0.906,0.003,49.96
18:10.,232.84,236.36,234.93,0.81,1.968,5.556,417,1957,0.726,33.283,137,188,464,1305,1772,1218,0.904,0.003,49.96
18:11.,232.87,236.52,234.98,0.816,1.974,5.544,418,1957,0.724,32.771,137,190,465,1302,1772,1217,0.904,0.003,49.96
18:11.,233.02,236.3,235,0.81,1.968,5.538,417,1953,0.725,33.027,135,188,464,1301,1769,1217,0.906,0.003,49.96
18:12.,232.89,236.34,235.07,0.81,1.962,5.544,417,1954,0.725,33.027,135,188,464,1302,1770,1218,0.904,0.003,49.96
18:12.,232.82,236.28,235.11,0.81,1.962,5.568,415,1959,0.726,33.027,137,188,463,1308,1773,1221,0.905,0.003,49.96
18:13.,233.06,236.45,235.29,0.804,1.968,5.562,417,1961,0.728,33.027,135,187,465,1309,1773,1221,0.905,0.003,49.96
18:14.,233.06,236.58,235.37,0.81,1.974,5.562,418,1964,0.726,32.771,137,188,467,1309,1776,1221,0.903,0.003,49.96
18:14.,233.11,236.61,235.4,0.804,1.974,5.562,418,1963,0.729,32.771,135,187,467,1309,1774,1221,0.903,0.003,49.96
18:15.,230.58,237.44,236.78,0.714,1.992,5.634,422,1970,0.75,31.747,122,163,473,1334,1778,1234,0.901,0.003,49.96
18:16.,230.29,237.53,237.02,0.792,1.998,5.628,423,1991,0.728,32.003,133,182,475,1334,1790,1234,0.898,0.003,49.96
18:16.,230.25,237.49,237.09,0.81,1.992,5.628,422,1993,0.725,32.003,134,186,473,1334,1790,1234,0.898,0.003,49.96
18:17.,230.29,237.57,237.11,0.798,1.998,5.64,422,1997,0.726,31.747,135,187,473,1337,1793,1236,0.898,0.003,49.96
18:18.,230.29,237.62,237.11,0.822,1.998,5.634,423,2001,0.73,32.003,135,188,475,1338,1794,1236,0.897,0.003,49.96
18:18.,230.2,237.71,237.07,0.798,2.004,5.64,425,1997,0.729,31.747,134,184,476,1337,1795,1236,0.898,0.003,49.96
18:19.,230.27,237.68,237.13,0.804,1.998,5.652,425,1998,0.73,32.003,134,184,475,1339,1797,1238,0.899,0.003,49.96
18:19.,230.16,237.57,237.09,0.792,1.998,5.64,423,1994,0.733,31.747,133,182,475,1337,1792,1236,0.9,0.003,49.96
18:20.,230.2,237.6,237.05,0.804,1.998,5.634,425,1996,0.726,32.003,134,186,475,1335,1795,1236,0.898,0.003,49.97
18:21.,230.27,237.57,237.09,0.81,1.998,5.646,423,2000,0.725,32.003,135,187,475,1338,1796,1238,0.899,0.003,49.97
18:21.,230.29,237.57,236.96,0.81,1.998,5.646,423,1996,0.728,31.747,134,186,473,1337,1795,1238,0.898,0.003,49.97
18:22.,230.4,237.38,237,0.816,1.992,5.64,422,1994,0.725,32.259,135,187,472,1335,1793,1236,0.898,0.003,49.97
18:23.,230.25,237.53,237.09,0.798,1.992,5.64,423,1993,0.728,32.003,133,183,473,1337,1794,1238,0.9,0.003,49.97
18:23.,230.31,237.38,237.13,0.798,1.992,5.646,422,1994,0.727,32.003,133,184,472,1338,1793,1238,0.898,0.003,49.97
18:24.,230.31,237.44,237.07,0.804,1.992,5.646,422,1997,0.725,31.747,134,186,473,1338,1794,1238,0.898,0.003,49.97
18:24.,230.25,237.42,237.07,0.804,1.992,5.64,422,1993,0.726,32.003,134,184,472,1337,1794,1238,0.9,0.003,49.97
18:25.,231.22,236.85,236.03,0.954,1.98,5.604,419,2010,0.681,32.515,150,220,468,1322,1800,1231,0.895,0.003,49.98
18:26.,233.04,236.39,234.96,0.804,1.968,5.568,417,1959,0.729,33.283,135,187,464,1308,1774,1222,0.905,0.003,49.98
18:26.,233.11,236.25,234.96,0.81,1.962,5.562,417,1957,0.726,33.539,137,188,463,1306,1775,1221,0.906,0.003,49.98
18:27.,233.04,236.14,234.93,0.81,1.962,5.55,415,1955,0.727,33.539,137,188,463,1304,1771,1219,0.904,0.003,49.98
18:28.,232.98,236.12,234.89,0.792,1.956,5.55,415,1948,0.732,33.539,134,184,462,1302,1768,1219,0.908,0.003,49.98
18:28.,232.71,236.06,234.74,0.81,1.956,5.55,415,1952,0.726,33.539,137,188,462,1302,1771,1219,0.906,0.003,49.98
18:29.,232.71,236.1,234.76,0.804,1.962,5.556,417,1958,0.722,33.539,137,191,463,1304,1773,1219,0.906,0.003,49.98
18:30.,232.76,236.19,234.82,0.792,1.956,5.55,415,1953,0.725,33.283,134,190,463,1300,1767,1218,0.904,0.003,49.98
18:29.,232.76,236.19,234.82,0.792,1.956,5.55,415,1953,0.725,33.283,134,190,463,1300,1767,1218,0.904,0.003,49.98
18:30.,232.87,236.21,234.8,0.81,1.962,5.562,417,1953,0.732,33.283,137,188,464,1301,1773,1219,0.908,0.003,49.99
18:30.,232.84,236.12,234.69,0.822,1.962,5.55,417,1956,0.731,33.539,138,191,463,1302,1773,1218,0.906,0.003,49.99
18:30.,232.84,236.12,234.69,0.822,1.962,5.55,417,1956,0.731,33.539,138,191,463,1302,1773,1218,0.906,0.003,49.99
18:31.,232.93,236.28,234.93,0.81,1.968,5.55,418,1956,0.728,33.283,137,188,464,1304,1774,1219,0.906,0.003,49.99
18:31.,232.93,236.28,234.93,0.81,1.968,5.55,418,1956,0.728,33.283,137,188,464,1304,1774,1219,0.906,0.003,49.99
18:31.,233.17,236.5,235.18,0.804,1.974,5.55,419,1959,0.731,33.283,137,187,467,1305,1777,1221,0.907,0.003,49.99
18:32.,233.37,236.3,235.09,0.804,1.968,5.556,417,1957,0.73,33.539,137,187,464,1306,1775,1221,0.906,0.003,49.99
18:32.,233.37,236.3,235.09,0.804,1.968,5.556,417,1957,0.73,33.539,137,187,464,1306,1775,1221,0.906,0.003,49.99
18:32.,233.22,236.34,235.13,0.804,1.962,5.568,417,1960,0.728,33.283,135,187,464,1309,1774,1222,0.905,0.003,49.99
18:33.,233.28,236.32,235.11,0.816,1.962,5.568,417,1962,0.725,33.539,137,190,463,1309,1777,1223,0.907,0.003,49.99
18:33.,233.28,236.32,235.11,0.816,1.962,5.568,417,1962,0.725,33.539,137,190,463,1309,1777,1223,0.907,0.003,49.99
18:33.,233.26,236.3,235.07,0.816,1.962,5.556,415,1958,0.725,33.283,137,190,463,1305,1774,1222,0.906,0.003,49.99
18:34.,233.13,236.45,235.04,0.816,1.962,5.55,417,1958,0.724,33.283,137,190,464,1304,1775,1221,0.906,0.003,49.99
18:34.,233.13,236.45,235.04,0.816,1.962,5.55,417,1958,0.724,33.283,137,190,464,1304,1775,1221,0.906,0.003,49.99
18:34.,233.26,236.41,235.07,0.816,1.962,5.562,415,1960,0.725,33.027,138,191,463,1306,1776,1223,0.907,0.003,49.99
18:35.,233.11,236.5,235,0.798,1.968,5.562,418,1959,0.729,33.027,135,186,465,1308,1776,1223,0.907,0.003,49.99
18:35.,233.11,236.5,235,0.798,1.968,5.562,418,1959,0.729,33.027,135,186,465,1308,1776,1223,0.907,0.003,49.99
18:35.,230.64,236.98,236.25,0.714,1.986,5.616,421,1962,0.748,32.515,122,165,471,1326,1775,1232,0.905,0.003,49.99
18:36.,230.05,237.13,236.47,0.792,1.986,5.61,422,1979,0.728,32.771,133,182,471,1326,1789,1234,0.904,0.003,49.99
18:36.,230.05,237.13,236.47,0.792,1.986,5.61,422,1979,0.728,32.771,133,182,471,1326,1789,1234,0.904,0.003,49.99
18:36.,230.12,237.13,236.58,0.81,1.986,5.61,421,1983,0.724,32.515,134,186,471,1326,1789,1234,0.902,0.003,49.99
18:36.,230.12,237.13,236.58,0.81,1.986,5.61,421,1983,0.724,32.515,134,186,471,1326,1789,1234,0.902,0.003,49.99
18:37.,230.14,237.11,236.61,0.81,1.992,5.622,422,1987,0.722,32.515,134,186,471,1330,1791,1235,0.9,0.003,49.99
18:38.,230.07,237.11,236.61,0.816,1.986,5.628,421,1987,0.722,32.515,135,187,469,1331,1792,1236,0.902,0.003,49.99
18:37.,230.07,237.11,236.61,0.816,1.986,5.628,421,1987,0.722,32.515,135,187,469,1331,1792,1236,0.902,0.003,49.99
18:38.,229.98,237.27,236.69,0.816,1.992,5.634,423,1992,0.721,32.259,135,187,472,1333,1794,1236,0.9,0.003,49.99
18:39.,230.01,237.35,236.72,0.81,1.986,5.622,422,1987,0.722,32.259,134,186,471,1330,1792,1236,0.902,0.003,50
18:38.,230.01,237.35,236.72,0.81,1.986,5.622,422,1987,0.722,32.259,134,186,471,1330,1792,1236,0.902,0.003,50
18:39.,229.96,237.42,236.67,0.792,1.992,5.616,422,1983,0.727,32.259,133,182,472,1329,1790,1235,0.902,0.003,50
18:39.,229.96,237.42,236.67,0.792,1.992,5.616,422,1983,0.727,32.259,133,182,472,1329,1790,1235,0.902,0.003,50
18:39.,230.03,237.33,236.74,0.804,1.998,5.622,425,1988,0.723,32.515,133,184,473,1331,1794,1236,0.902,0.003,50
18:40.,230.03,237.46,236.78,0.816,1.992,5.634,423,1994,0.723,32.515,134,187,473,1334,1795,1238,0.898,0.003,50
18:40.,230.03,237.46,236.78,0.816,1.992,5.634,423,1994,0.723,32.515,134,187,473,1334,1795,1238,0.898,0.003,50
18:40.,230.16,237.51,236.83,0.81,1.992,5.628,422,1991,0.723,32.259,134,186,472,1333,1792,1236,0.9,0.003,50
18:41.,230.14,237.44,236.85,0.804,1.98,5.64,419,1992,0.723,32.515,134,187,468,1337,1792,1239,0.9,0.003,50
18:41.,230.14,237.44,236.85,0.804,1.98,5.64,419,1992,0.723,32.515,134,187,468,1337,1792,1239,0.9,0.003,50
18:41.,230.18,234.85,238.85,0.828,1.92,5.73,406,2005,0.72,35.843,137,190,447,1368,1799,1256,0.897,0.003,50
18:42.,230.51,234.21,239.36,0.804,1.908,5.736,405,2000,0.728,35.075,134,184,450,1366,1793,1254,0.897,0.003,50
18:42.,230.51,234.21,239.36,0.804,1.908,5.736,405,2000,0.728,35.075,134,184,450,1366,1793,1254,0.897,0.003,50
18:42.,230.29,235.57,238.34,0.792,1.944,5.676,413,1991,0.731,33.539,133,183,458,1350,1793,1247,0.9,0.003,50
18:42.,230.29,235.57,238.34,0.792,1.944,5.676,413,1991,0.731,33.539,133,183,458,1350,1793,1247,0.9,0.003,50
18:43.,230.12,236.3,237.93,0.822,1.956,5.658,415,1997,0.723,33.795,135,188,463,1346,1794,1244,0.898,0.003,50
18:43.,230.64,235.97,237.75,0.822,1.95,5.664,414,1994,0.725,33.795,137,188,460,1346,1794,1243,0.898,0.003,50
18:43.,230.64,235.97,237.75,0.822,1.95,5.664,414,1994,0.725,33.795,137,188,460,1346,1794,1243,0.898,0.003,50
18:44.,230.71,236.06,237.79,0.804,1.956,5.664,417,1995,0.728,34.051,135,186,462,1347,1795,1243,0.898,0.003,50.01
18:45.,230.69,236.1,237.68,0.792,1.956,5.646,415,1986,0.731,33.795,133,182,462,1342,1788,1240,0.902,0.003,50.01
18:44.,230.69,236.1,237.68,0.792,1.956,5.646,415,1986,0.731,33.795,133,182,462,1342,1788,1240,0.902,0.003,50.01
18:45.,230.64,236.08,237.73,0.804,1.95,5.646,414,1985,0.728,33.539,134,184,460,1341,1788,1240,0.902,0.003,50.01
18:45.,230.64,236.08,237.73,0.804,1.95,5.646,414,1985,0.728,33.539,134,184,460,1341,1788,1240,0.902,0.003,50.01
18:45.,231.63,235.64,237.24,0.936,1.938,5.622,411,2005,0.688,33.795,149,216,456,1333,1796,1236,0.897,0.003,50.01
18:46.,233.75,235.07,235.97,0.822,1.926,5.586,409,1961,0.726,34.563,138,191,452,1318,1775,1228,0.905,0.003,50.01
18:46.,233.75,235.07,235.97,0.822,1.926,5.586,409,1961,0.726,34.563,138,191,452,1318,1775,1228,0.905,0.003,50.01
18:46.,234.23,234.45,236.17,0.864,1.914,5.604,405,1971,0.684,35.075,137,201,448,1322,1773,1231,0.899,0.003,50.01
18:47.,233.59,234.47,235.62,0.798,1.908,5.562,405,1943,0.734,35.331,135,186,447,1310,1764,1224,0.908,0.003,50.01
18:47.,233.59,234.47,235.62,0.798,1.908,5.562,405,1943,0.734,35.331,135,186,447,1310,1764,1224,0.908,0.003,50.01
18:47.,233.37,234.56,235.57,0.786,1.914,5.562,406,1941,0.734,35.331,134,183,448,1310,1764,1224,0.91,0.003,50.01
18:48.,233.42,234.52,235.64,1.326,1.914,5.562,407,2066,0.582,35.331,179,308,448,1310,1810,1224,0.875,0.003,50.02
18:48.,233.42,234.52,235.64,1.326,1.914,5.562,407,2066,0.582,35.331,179,308,448,1310,1810,1224,0.875,0.003,50.02
18:48.,233.13,234.67,235.7,2.196,1.92,5.574,407,2276,0.592,35.075,303,512,450,1314,1936,1226,0.85,0.003,50.02
18:49.,233.33,234.58,235.62,1.248,1.914,5.568,406,2050,0.611,35.331,178,290,448,1312,1810,1226,0.882,0.003,50.02
18:49.,233.33,234.58,235.62,1.248,1.914,5.568,406,2050,0.611,35.331,178,290,448,1312,1810,1226,0.882,0.003,50.02
18:49.,233.44,234.65,235.55,0.81,1.914,5.556,406,1945,0.731,35.331,138,188,448,1309,1768,1224,0.91,0.003,50.02
18:50.,233.44,234.58,235.46,0.804,1.914,5.556,406,1943,0.731,35.331,137,187,448,1308,1767,1224,0.908,0.003,50.02
18:50.,233.44,234.58,235.46,0.804,1.914,5.556,406,1943,0.731,35.331,137,187,448,1308,1767,1224,0.908,0.003,50.02
18:50.,233.57,234.74,235.73,0.81,1.914,5.574,406,1949,0.73,35.331,138,188,448,1313,1771,1227,0.908,0.003,50.02
18:51.,233.7,234.78,235.84,0.816,1.914,5.586,407,1957,0.727,35.331,138,190,450,1317,1773,1228,0.906,0.003,50.02
18:51.,233.7,234.78,235.84,0.816,1.914,5.586,407,1957,0.727,35.331,138,190,450,1317,1773,1228,0.906,0.003,50.02
18:51.,233.7,234.78,235.84,0.816,1.914,5.586,407,1957,0.727,35.331,138,190,450,1317,1773,1228,0.906,0.003,50.02
18:51.,233.59,234.69,235.81,0.804,1.914,5.586,406,1952,0.732,35.331,137,187,448,1317,1771,1228,0.906,0.003,50.02
18:52.,233.59,234.69,235.81,0.804,1.914,5.586,406,1952,0.732,35.331,137,187,448,1317,1771,1228,0.906,0.003,50.02
18:53.,233.55,234.52,235.59,0.798,1.908,5.574,405,1946,0.732,35.331,135,186,447,1313,1767,1227,0.908,0.003,50.02
18:52.,233.59,234.52,235.62,0.816,1.908,5.574,405,1951,0.723,35.331,138,191,447,1313,1770,1227,0.906,0.003,50.02
18:53.,233.59,234.52,235.62,0.816,1.908,5.574,405,1951,0.723,35.331,138,191,447,1313,1770,1227,0.906,0.003,50.02
18:53.,233.59,234.65,235.68,0.804,1.914,5.574,406,1948,0.732,35.075,137,187,448,1313,1770,1227,0.908,0.003,50.02
18:53.,233.59,234.65,235.68,0.804,1.914,5.574,406,1948,0.732,35.075,137,187,448,1313,1770,1227,0.908,0.003,50.02
18:54.,233.5,234.63,235.73,0.798,1.908,5.586,406,1953,0.728,35.331,137,188,448,1317,1771,1228,0.906,0.003,50.03
18:54.,233.72,234.82,235.77,0.816,1.914,5.568,407,1958,0.731,35.075,138,190,450,1318,1775,1230,0.906,0.003,50.03
18:54.,233.72,234.82,235.77,0.816,1.914,5.568,407,1958,0.731,35.075,138,190,450,1318,1775,1230,0.906,0.003,50.03
18:55.,233.68,234.87,235.84,0.804,1.914,5.574,406,1953,0.73,34.563,137,187,450,1316,1771,1228,0.906,0.003,50.02
18:55.,233.72,234.85,235.86,0.822,1.92,5.586,407,1958,0.722,34.819,138,191,450,1317,1775,1230,0.906,0.003,50.02
18:55.,233.72,234.85,235.86,0.822,1.92,5.586,407,1958,0.722,34.819,138,191,450,1317,1775,1230,0.906,0.003,50.02
18:55.,231.46,235.62,237.16,0.714,1.938,5.646,411,1961,0.752,34.051,124,166,456,1339,1775,1240,0.905,0.003,50.02
18:56.,231.46,235.62,237.16,0.714,1.938,5.646,411,1961,0.752,34.051,124,166,456,1339,1775,1240,0.905,0.003,50.02
18:56.,230.78,235.84,237.49,0.786,1.944,5.646,413,1981,0.735,34.051,133,182,458,1341,1788,1242,0.902,0.003,50.02
18:56.,230.78,235.84,237.49,0.786,1.944,5.646,413,1981,0.735,34.051,133,182,458,1341,1788,1242,0.902,0.003,50.02
18:57.,230.64,235.7,237.53,0.786,1.938,5.64,411,1977,0.735,33.795,133,182,456,1339,1786,1242,0.903,0.003,50.02
18:57.,230.89,235.75,237.49,0.81,1.938,5.652,411,1984,0.728,33.795,135,187,456,1341,1789,1243,0.902,0.003,50.02
18:57.,230.89,235.75,237.49,0.81,1.938,5.652,411,1984,0.728,33.795,135,187,456,1341,1789,1243,0.902,0.003,50.02
18:58.,230.73,235.68,237.4,0.798,1.938,5.658,410,1983,0.729,33.795,134,184,456,1343,1787,1243,0.9,0.003,50.02
18:58.,230.73,235.68,237.4,0.798,1.938,5.658,410,1983,0.729,33.795,134,184,456,1343,1787,1243,0.9,0.003,50.02
18:58.,230.78,235.57,237.4,0.816,1.932,5.652,410,1985,0.727,33.795,137,188,455,1342,1789,1242,0.902,0.003,50.02
18:58.,230.58,235.64,237.55,1.026,1.938,5.652,411,2035,0.662,33.539,155,236,456,1343,1809,1243,0.889,0.003,50.02
18:59.,230.58,235.64,237.55,1.026,1.938,5.652,411,2035,0.662,33.539,155,236,456,1343,1809,1243,0.889,0.003,50.02
18:59.,230.07,235.2,238.17,0.99,4.614,5.676,823,2663,0.693,62.979,157,227,1085,1351,2228,1248,0.837,0.002,50.02
18:59.,230.07,235.2,238.17,0.99,4.614,5.676,823,2663,0.693,62.979,157,227,1085,1351,2228,1248,0.837,0.002,50.02
19:00.,231.02,233.48,238.45,1.542,7.548,5.7,1749,3476,0.636,57.347,227,356,1762,1358,3228,1252,0.928,0.003,50.02
19:00.,230.82,233.83,238.5,1.446,6.96,5.706,1539,3320,0.64,45.315,213,333,1627,1360,3003,1251,0.903,0.003,50.02
19:00.,230.82,233.83,238.5,1.446,6.96,5.706,1539,3320,0.64,45.315,213,333,1627,1360,3003,1251,0.903,0.003,50.02
19:01.,229.81,235.99,238.1,1.866,2.028,5.682,417,2259,0.568,26.115,242,429,479,1351,1906,1247,0.843,0.003,50.02
19:01.,229.81,235.99,238.1,1.866,2.028,5.682,417,2259,0.568,26.115,242,429,479,1351,1906,1247,0.843,0.003,50.02
19:01.,229.98,236.06,238.04,1.236,1.92,5.664,406,2084,0.595,33.283,168,283,452,1349,1820,1246,0.874,0.003,50.02
19:01.,230.14,235.99,238.01,0.804,1.914,5.664,406,1985,0.731,33.539,134,184,452,1349,1786,1246,0.9,0.003,50.02
19:02.,230.14,235.99,238.01,0.804,1.914,5.664,406,1985,0.731,33.539,134,184,452,1349,1786,1246,0.9,0.003,50.02
19:02.,230.18,235.97,237.95,0.798,1.95,5.67,414,1993,0.731,33.539,134,184,460,1349,1794,1246,0.9,0.003,50.02
19:02.,230.29,235.81,238.04,0.81,1.944,5.676,411,1996,0.728,33.795,135,187,458,1351,1793,1247,0.898,0.003,50.02
19:03.,230.29,235.81,238.04,0.81,1.944,5.676,411,1996,0.728,33.795,135,187,458,1351,1793,1247,0.898,0.003,50.02
19:03.,230.16,235.99,238.04,0.804,1.944,5.676,413,1995,0.729,33.539,134,186,459,1350,1794,1247,0.898,0.003,50.02
19:03.,230.16,235.99,238.04,0.804,1.944,5.676,413,1995,0.729,33.539,134,186,459,1350,1794,1247,0.898,0.003,50.02
19:04.,230.2,235.88,238.1,0.798,1.944,5.664,411,1990,0.733,33.539,134,183,458,1349,1792,1247,0.902,0.003,50.02
19:04.,230.2,235.88,238.1,0.798,1.944,5.664,411,1990,0.733,33.539,134,183,458,1349,1792,1247,0.902,0.003,50.02
19:04.,230.14,235.95,238.04,0.798,1.944,5.676,411,1992,0.73,33.283,133,183,459,1350,1791,1247,0.898,0.003,50.02
19:04.,230.36,235.79,237.9,0.81,1.944,5.676,411,1994,0.726,33.539,135,186,458,1350,1793,1247,0.9,0.003,50.02
19:05.,230.36,235.79,237.9,0.81,1.944,5.676,411,1994,0.726,33.539,135,186,458,1350,1793,1247,0.9,0.003,50.02
19:05.,230.45,235.84,237.84,0.828,1.938,5.67,411,1997,0.72,33.539,137,190,458,1349,1794,1246,0.898,0.003,50.02
19:05.,230.45,235.84,237.84,0.828,1.938,5.67,411,1997,0.72,33.539,137,190,458,1349,1794,1246,0.898,0.003,50.02
19:06.,231.5,235.53,237.27,0.924,1.914,5.592,406,1986,0.698,34.563,150,216,450,1320,1787,1231,0.9,0.003,50.02
19:06.,233.77,234.67,235.95,0.792,1.908,5.592,405,1955,0.737,34.307,135,184,450,1321,1772,1232,0.906,0.003,50.02
19:06.,233.77,234.67,235.95,0.792,1.908,5.592,405,1955,0.737,34.307,135,184,450,1321,1772,1232,0.906,0.003,50.02
19:07.,233,234.82,236.14,0.792,1.914,5.61,406,1955,0.733,34.563,134,183,450,1322,1774,1234,0.906,0.003,50.02
19:07.,233,234.82,236.14,0.792,1.914,5.61,406,1955,0.733,34.563,134,183,450,1322,1774,1234,0.906,0.003,50.02
19:07.,233.17,234.85,236.21,0.81,1.914,5.604,406,1961,0.737,34.307,138,188,450,1323,1776,1232,0.907,0.003,50.02
19:07.,233.24,234.76,236.23,0.798,1.914,5.592,405,1955,0.734,34.563,137,186,448,1321,1774,1232,0.906,0.003,50.02
19:08.,233.24,234.76,236.23,0.798,1.914,5.592,405,1955,0.734,34.563,137,186,448,1321,1774,1232,0.906,0.003,50.02
19:08.,233.37,234.63,236.1,0.822,1.914,5.592,405,1961,0.726,34.819,139,192,448,1321,1775,1231,0.905,0.003,50.02
19:08.,233.66,234.52,235.92,0.81,1.908,5.592,403,1957,0.729,34.819,138,190,447,1320,1772,1231,0.906,0.003,50.02
19:09.,233.66,234.52,235.92,0.81,1.908,5.592,403,1957,0.729,34.819,138,190,447,1320,1772,1231,0.906,0.003,50.02
19:09.,233.68,234.21,235.55,0.804,1.896,5.586,403,1948,0.732,35.587,137,188,444,1316,1768,1228,0.908,0.003,50.02
19:09.,233.68,234.21,235.55,0.804,1.896,5.586,403,1948,0.732,35.587,137,188,444,1316,1768,1228,0.908,0.003,50.02
19:10.,233.66,234.21,235.44,0.792,1.902,5.58,403,1942,0.736,35.331,135,184,444,1314,1766,1228,0.908,0.003,50.02
19:10.,233.66,234.16,235.55,0.81,1.896,5.574,402,1945,0.729,35.331,137,188,444,1313,1766,1227,0.908,0.003,50.02
19:10.,233.66,234.16,235.55,0.81,1.896,5.574,402,1945,0.729,35.331,137,188,444,1313,1766,1227,0.908,0.003,50.02
19:10.,233.79,234.16,235.51,0.81,1.896,5.574,403,1945,0.729,35.587,137,188,444,1313,1768,1228,0.91,0.003,50.02
19:11.,233.79,234.16,235.51,0.81,1.896,5.574,403,1945,0.729,35.587,137,188,444,1313,1768,1228,0.91,0.003,50.02
19:12.,233.68,234.19,235.44,0.81,1.902,5.58,402,1947,0.729,35.075,138,190,444,1313,1767,1227,0.906,0.003,50.02
19:11.,233.68,234.34,235.64,0.804,1.902,5.592,403,1951,0.729,35.331,137,188,446,1317,1768,1228,0.906,0.003,50.01
19:12.,233.68,234.34,235.64,0.804,1.902,5.592,403,1951,0.729,35.331,137,188,446,1317,1768,1228,0.906,0.003,50.01
19:12.,233.24,234.47,235.88,0.804,1.908,5.598,405,1954,0.727,35.331,135,187,447,1320,1770,1230,0.906,0.003,50.02
19:12.,233.24,234.47,235.88,0.804,1.908,5.598,405,1954,0.727,35.331,135,187,447,1320,1770,1230,0.906,0.003,50.02
19:13.,233.28,234.21,235.92,0.798,1.902,5.58,403,1946,0.727,35.331,135,186,444,1316,1766,1228,0.908,0.003,50.02
19:13.,232.8,234.3,236.01,0.792,1.902,5.586,403,1947,0.732,35.331,134,183,446,1318,1765,1228,0.906,0.003,50.01
19:13.,232.8,234.3,236.01,0.792,1.902,5.586,403,1947,0.732,35.331,134,183,446,1318,1765,1228,0.906,0.003,50.01
19:13.,233.04,234.23,235.99,0.81,1.902,5.586,403,1950,0.729,35.587,137,188,444,1318,1770,1230,0.906,0.003,50.01
19:14.,233.04,234.23,235.99,0.81,1.902,5.586,403,1950,0.729,35.587,137,188,444,1318,1770,1230,0.906,0.003,50.01
19:15.,233.11,234.36,235.95,0.81,1.908,5.604,405,1956,0.726,35.587,135,188,446,1322,1771,1231,0.904,0.003,50.01
19:14.,233.26,234.27,235.86,0.81,1.902,5.598,403,1954,0.726,35.587,137,188,446,1320,1770,1230,0.906,0.003,50.01
19:15.,233.26,234.27,235.86,0.81,1.902,5.598,403,1954,0.726,35.587,137,188,446,1320,1770,1230,0.906,0.003,50.01
19:15.,233.17,234.47,235.92,0.804,1.908,5.592,405,1952,0.725,35.331,135,187,447,1318,1770,1230,0.906,0.003,50.01
19:15.,233.17,234.47,235.92,0.804,1.908,5.592,405,1952,0.725,35.331,135,187,447,1318,1770,1230,0.906,0.003,50.01
19:16.,230.71,235.2,237.31,0.738,1.926,5.64,409,1960,0.742,34.563,126,170,452,1338,1775,1240,0.905,0.003,50.01
19:16.,230.49,235.22,237.24,0.828,1.926,5.646,409,1980,0.718,34.307,135,190,452,1338,1784,1240,0.902,0.003,50.01
19:16.,230.49,235.22,237.24,0.828,1.926,5.646,409,1980,0.718,34.307,135,190,452,1338,1784,1240,0.902,0.003,50.01
19:16.,230.36,235.24,237.27,0.804,1.926,5.652,409,1981,0.725,34.307,134,186,454,1341,1785,1242,0.902,0.003,50.01
19:17.,230.36,235.24,237.27,0.804,1.926,5.652,409,1981,0.725,34.307,134,186,454,1341,1785,1242,0.902,0.003,50.01
19:18.,230.38,235.18,237.4,0.804,1.926,5.658,409,1979,0.727,34.563,134,184,452,1343,1786,1243,0.902,0.003,50.01
19:17.,230.51,235.15,237.51,0.81,1.926,5.658,410,1978,0.728,34.563,133,183,454,1341,1785,1242,0.903,0.003,50.01
19:18.,230.51,235.15,237.51,0.81,1.926,5.658,410,1978,0.728,34.563,133,183,454,1341,1785,1242,0.903,0.003,50.01
19:18.,230.38,235.33,237.62,0.804,1.932,5.67,410,1980,0.726,34.307,134,184,454,1342,1787,1243,0.902,0.003,50.01
19:18.,230.38,235.33,237.62,0.804,1.932,5.67,410,1980,0.726,34.307,134,184,454,1342,1787,1243,0.902,0.003,50.01
19:19.,230.29,235.42,237.71,0.81,1.932,5.67,410,1990,0.727,34.051,134,186,455,1349,1788,1244,0.9,0.003,50.01
19:19.,230.16,235.62,237.97,0.786,1.938,5.67,411,1985,0.734,33.795,133,180,456,1349,1791,1247,0.902,0.003,50.01
19:19.,230.16,235.62,237.97,0.786,1.938,5.67,411,1985,0.734,33.795,133,180,456,1349,1791,1247,0.902,0.003,50.01
19:19.,230.29,235.81,238.12,0.798,1.944,5.682,411,1995,0.73,33.795,134,184,458,1353,1795,1250,0.898,0.003,50.01
19:20.,230.29,235.81,238.12,0.798,1.944,5.682,411,1995,0.73,33.795,134,184,458,1353,1795,1250,0.898,0.003,50.01
19:21.,230.56,235.84,238.08,0.81,1.944,5.688,411,1998,0.727,33.539,135,186,458,1354,1796,1250,0.9,0.003,50.01
19:20.,230.58,235.66,237.95,0.81,1.938,5.688,411,1997,0.721,34.051,134,187,456,1354,1795,1250,0.898,0.003,50.01
19:21.,230.58,235.66,237.95,0.81,1.938,5.688,411,1997,0.721,34.051,134,187,456,1354,1795,1250,0.898,0.003,50.01
19:21.,230.47,235.48,237.77,0.822,1.932,5.67,410,1990,0.721,34.051,135,188,455,1347,1791,1246,0.898,0.003,50.01
19:21.,230.47,235.48,237.77,0.822,1.932,5.67,410,1990,0.721,34.051,135,188,455,1347,1791,1246,0.898,0.003,50.01
19:22.,230.47,235.62,237.73,0.81,1.938,5.658,411,1988,0.722,34.051,134,187,456,1345,1789,1244,0.9,0.003,50.01
19:22.,230.69,235.53,237.84,0.81,1.938,5.664,410,1987,0.722,34.051,134,186,455,1346,1788,1244,0.9,0.003,50.01
19:22.,230.69,235.53,237.84,0.81,1.938,5.664,410,1987,0.722,34.051,134,186,455,1346,1788,1244,0.9,0.003,50.01
19:22.,230.8,235.4,237.79,0.798,1.932,5.664,410,1985,0.727,34.307,133,183,455,1347,1787,1244,0.9,0.003,50.01
19:23.,230.8,235.4,237.79,0.798,1.932,5.664,410,1985,0.727,34.307,133,183,455,1347,1787,1244,0.9,0.003,50.01
19:24.,231.04,235.35,237.62,0.816,1.932,5.664,410,1988,0.724,34.307,135,187,455,1346,1789,1244,0.9,0.003,50.01
19:23.,231.08,235.37,237.55,0.804,1.938,5.658,410,1984,0.729,34.307,135,186,455,1343,1788,1243,0.902,0.003,50.01
19:24.,231.08,235.37,237.55,0.804,1.938,5.658,410,1984,0.729,34.307,135,186,455,1343,1788,1243,0.902,0.003,50.01
19:24.,231,235.42,237.57,0.804,1.932,5.646,410,1983,0.728,34.563,135,186,455,1342,1788,1243,0.902,0.003,50.01
19:24.,231,235.42,237.57,0.804,1.932,5.646,410,1983,0.728,34.563,135,186,455,1342,1788,1243,0.902,0.003,50.01
19:25.,231,235.53,237.57,0.792,1.938,5.658,411,1982,0.732,34.307,133,183,456,1343,1788,1244,0.902,0.003,50.01
19:25.,230.97,235.44,237.6,0.798,1.938,5.664,411,1983,0.732,34.307,134,183,455,1345,1789,1244,0.902,0.003,50.01
19:25.,230.97,235.44,237.6,0.798,1.938,5.664,411,1983,0.732,34.307,134,183,455,1345,1789,1244,0.902,0.003,50.01
19:25.,233.31,234.87,236.28,0.942,1.92,5.61,407,1994,0.69,34.819,151,219,450,1325,1792,1234,0.9,0.003,50.01
19:26.,233.31,234.87,236.28,0.942,1.92,5.61,407,1994,0.69,34.819,151,219,450,1325,1792,1234,0.9,0.003,50.01
19:27.,234.08,234.54,235.81,0.804,1.908,5.592,406,1952,0.731,35.331,137,187,447,1318,1773,1230,0.908,0.003,50.01
19:26.,234.05,234.52,235.9,0.81,1.908,5.586,405,1954,0.727,35.331,137,190,447,1317,1772,1230,0.906,0.003,50.01
19:27.,234.05,234.52,235.9,0.81,1.908,5.586,405,1954,0.727,35.331,137,190,447,1317,1772,1230,0.906,0.003,50.01
19:27.,234.12,234.54,235.92,0.81,1.908,5.586,405,1956,0.729,35.075,138,190,448,1318,1773,1230,0.906,0.003,50.01
19:27.,234.12,234.54,235.92,0.81,1.908,5.586,405,1956,0.729,35.075,138,190,448,1318,1773,1230,0.906,0.003,50.01
19:28.,234.14,234.41,235.92,0.816,1.908,5.592,405,1956,0.726,35.331,138,191,447,1318,1773,1230,0.906,0.003,50.01
19:28.,234.01,234.47,235.88,0.804,1.908,5.598,405,1954,0.732,35.075,137,187,447,1320,1772,1230,0.906,0.003,50.01
19:28.,234.01,234.47,235.88,0.804,1.908,5.598,405,1954,0.732,35.075,137,187,447,1320,1772,1230,0.906,0.003,50.01
19:29.,233.97,234.47,235.9,0.792,1.908,5.598,405,1951,0.737,35.075,135,184,447,1320,1770,1230,0.906,0.003,50.01
19:29.,233.97,234.47,235.9,0.792,1.908,5.598,405,1951,0.737,35.075,135,184,447,1320,1770,1230,0.906,0.003,50.01
19:29.,234.03,234.52,235.95,0.798,1.908,5.586,405,1952,0.733,35.075,137,187,447,1318,1772,1230,0.906,0.003,50.01
19:29.,234.01,234.56,235.86,0.798,1.914,5.586,405,1951,0.733,34.819,137,187,447,1317,1770,1228,0.906,0.003,50.01
19:30.,234.01,234.56,235.86,0.798,1.914,5.586,405,1951,0.733,34.819,137,187,447,1317,1770,1228,0.906,0.003,50.01
19:30.,233.9,234.56,235.86,0.792,1.914,5.598,405,1951,0.733,35.075,135,186,447,1318,1770,1230,0.906,0.003,50.01
19:30.,233.9,234.56,235.86,0.792,1.914,5.598,405,1951,0.733,35.075,135,186,447,1318,1770,1230,0.906,0.003,50.01
19:31.,233.9,234.49,235.79,0.792,1.908,5.586,405,1949,0.735,35.075,135,184,447,1318,1770,1230,0.908,0.003,50
19:31.,233.7,234.27,235.59,0.792,1.902,5.58,403,1946,0.735,35.331,135,186,446,1314,1766,1228,0.908,0.003,50
19:31.,233.7,234.27,235.59,0.792,1.902,5.58,403,1946,0.735,35.331,135,186,446,1314,1766,1228,0.908,0.003,50
19:32.,233.7,234.27,235.59,0.792,1.902,5.58,403,1946,0.735,35.331,135,186,446,1314,1766,1228,0.908,0.003,50
19:32.,233.72,234.21,235.55,0.804,1.902,5.586,403,1945,0.734,35.331,137,187,444,1314,1768,1228,0.91,0.003,50
19:32.,233.72,234.21,235.55,0.804,1.902,5.586,403,1945,0.734,35.331,137,187,444,1314,1768,1228,0.91,0.003,50
19:32.,233.55,234.25,235.53,0.798,1.896,5.586,402,1947,0.734,35.331,137,187,444,1316,1767,1228,0.906,0.003,50
19:33.,233.79,234.12,235.48,0.792,1.89,5.586,399,1940,0.737,35.075,135,184,442,1314,1761,1227,0.908,0.003,50
19:33.,233.79,234.12,235.48,0.792,1.89,5.586,399,1940,0.737,35.075,135,184,442,1314,1761,1227,0.908,0.003,50
19:33.,233.7,234.12,235.42,0.798,1.89,5.574,399,1940,0.735,35.075,137,186,442,1312,1762,1226,0.908,0.003,50
19:34.,233.7,234.12,235.42,0.798,1.89,5.574,399,1940,0.735,35.075,137,186,442,1312,1762,1226,0.908,0.003,50
19:34.,233.77,234.19,235.48,0.804,1.89,5.574,399,1942,0.727,34.819,137,188,442,1312,1763,1227,0.908,0.003,50
19:34.,233.66,234.16,235.44,0.816,1.896,5.574,401,1947,0.728,34.819,138,191,443,1313,1766,1227,0.906,0.003,49.99
19:35.,233.66,234.16,235.44,0.816,1.896,5.574,401,1947,0.728,34.819,138,191,443,1313,1766,1227,0.906,0.003,49.99
19:35.,233.48,234.16,235.4,0.798,1.89,5.592,401,1945,0.732,35.075,137,187,442,1316,1766,1228,0.908,0.003,49.99
19:35.,233.48,234.16,235.4,0.798,1.89,5.592,401,1945,0.732,35.075,137,187,442,1316,1766,1228,0.908,0.003,49.99
19:35.,233.44,234.12,235.44,0.786,1.89,5.592,399,1941,0.738,35.075,134,183,442,1316,1761,1228,0.908,0.003,49.99
19:36.,230.8,235.11,237.07,0.726,1.914,5.646,405,1955,0.751,33.795,125,167,450,1338,1770,1240,0.904,0.003,49.99
19:36.,230.8,235.11,237.07,0.726,1.914,5.646,405,1955,0.751,33.795,125,167,450,1338,1770,1240,0.904,0.003,49.99
19:36.,230.84,235.13,237.13,0.786,1.914,5.64,405,1967,0.735,33.795,133,180,450,1337,1778,1240,0.903,0.003,49.99
19:37.,230.84,235.13,237.13,0.786,1.914,5.64,405,1967,0.735,33.795,133,180,450,1337,1778,1240,0.903,0.003,49.99
19:37.,230.84,235.11,237.22,0.798,1.914,5.646,405,1973,0.732,34.051,134,184,450,1339,1781,1242,0.903,0.003,49.99
19:37.,230.82,235.33,237.24,0.804,1.92,5.664,406,1980,0.729,33.795,135,186,451,1343,1784,1243,0.902,0.003,49.99
19:38.,230.82,235.33,237.24,0.804,1.92,5.664,406,1980,0.729,33.795,135,186,451,1343,1784,1243,0.902,0.003,49.99
19:38.,230.86,235.13,237.13,0.804,1.92,5.658,406,1978,0.731,34.051,135,186,451,1341,1783,1242,0.901,0.003,49.99
19:38.,230.86,235.13,237.13,0.804,1.92,5.658,406,1978,0.731,34.051,135,186,451,1341,1783,1242,0.901,0.003,49.99
19:38.,230.64,235.15,237.24,0.792,1.914,5.652,406,1973,0.734,33.795,133,182,450,1341,1782,1243,0.903,0.003,49.99
19:39.,230.8,235.13,237.24,0.804,1.914,5.646,405,1973,0.729,33.795,134,184,450,1339,1781,1242,0.903,0.003,49.99
19:39.,230.8,235.13,237.24,0.804,1.914,5.646,405,1973,0.729,33.795,134,184,450,1339,1781,1242,0.903,0.003,49.99
19:39.,230.75,235.13,237.22,0.81,1.92,5.646,406,1977,0.727,34.051,135,187,451,1339,1783,1242,0.901,0.003,49.98
19:40.,230.75,235.13,237.22,0.81,1.92,5.646,406,1977,0.727,34.051,135,187,451,1339,1783,1242,0.901,0.003,49.98
19:40.,230.71,235.29,237.31,0.81,1.92,5.658,406,1981,0.725,33.539,135,187,452,1342,1783,1242,0.9,0.003,49.98
19:40.,230.84,235.37,237.33,0.798,1.92,5.658,406,1979,0.73,33.539,134,184,452,1343,1782,1242,0.9,0.003,49.98
19:41.,230.84,235.37,237.33,0.798,1.92,5.658,406,1979,0.73,33.539,134,184,452,1343,1782,1242,0.9,0.003,49.98
19:41.,230.8,235.48,237.42,0.804,1.926,5.658,407,1982,0.728,33.283,134,186,454,1342,1783,1242,0.9,0.003,49.98
19:41.,230.8,235.48,237.42,0.804,1.926,5.658,407,1982,0.728,33.283,134,186,454,1342,1783,1242,0.9,0.003,49.98
19:41.,230.91,235.55,237.38,0.798,1.926,5.652,407,1979,0.731,33.283,134,184,454,1341,1783,1242,0.9,0.003,49.98
19:42.,230.86,235.51,237.46,0.798,1.926,5.652,407,1977,0.731,33.539,134,183,452,1342,1783,1242,0.901,0.003,49.98
19:43.,230.86,235.51,237.46,0.798,1.926,5.652,407,1977,0.731,33.539,134,183,452,1342,1783,1242,0.901,0.003,49.98
19:42.,230.91,235.42,237.49,0.822,1.926,5.658,407,1983,0.729,33.539,137,184,454,1345,1786,1242,0.9,0.003,49.98
19:43.,230.91,235.42,237.49,0.822,1.926,5.658,407,1983,0.729,33.539,137,184,454,1345,1786,1242,0.9,0.003,49.98
19:43.,230.84,235.42,237.46,0.798,1.926,5.646,407,1980,0.737,33.539,134,183,454,1343,1783,1242,0.9,0.003,49.98
19:43.,230.97,235.31,237.49,0.708,1.92,5.652,406,1956,0.752,33.539,122,162,452,1342,1770,1242,0.904,0.003,49.97
19:44.,230.97,235.31,237.49,0.708,1.92,5.652,406,1956,0.752,33.539,122,162,452,1342,1770,1242,0.904,0.003,49.97
19:44.,230.93,235.46,237.49,0.702,1.92,5.664,406,1959,0.753,33.283,121,162,452,1345,1769,1242,0.903,0.003,49.97
19:44.,230.93,235.46,237.49,0.702,1.92,5.664,406,1959,0.753,33.283,121,162,452,1345,1769,1242,0.903,0.003,49.97
19:44.,231,235.42,237.44,0.702,1.92,5.664,406,1959,0.755,33.539,122,162,452,1345,1770,1242,0.903,0.003,49.97
19:45.,230.91,235.4,237.4,0.702,1.926,5.652,406,1955,0.756,33.539,122,162,452,1341,1768,1240,0.904,0.003,49.97
19:46.,230.91,235.4,237.4,0.702,1.926,5.652,406,1955,0.756,33.539,122,162,452,1341,1768,1240,0.904,0.003,49.97
19:45.,230.93,235.46,237.53,0.708,1.926,5.652,407,1957,0.755,33.283,122,163,452,1342,1769,1240,0.904,0.003,49.97
19:46.,230.93,235.46,237.53,0.708,1.926,5.652,407,1957,0.755,33.283,122,163,452,1342,1769,1240,0.904,0.003,49.97
19:46.,230.93,235.46,237.53,0.708,1.926,5.652,407,1957,0.755,33.283,122,163,452,1342,1769,1240,0.904,0.003,49.97
19:46.,233.04,234.96,236.32,0.816,1.908,5.598,403,1960,0.725,33.539,138,190,448,1322,1771,1230,0.903,0.003,49.97
19:47.,233.92,234.43,235.73,0.714,1.896,5.592,401,1929,0.754,34.307,126,167,444,1318,1754,1227,0.909,0.003,49.96
19:47.,233.92,234.43,235.73,0.714,1.896,5.592,401,1929,0.754,34.307,126,167,444,1318,1754,1227,0.909,0.003,49.96
19:47.,233.97,234.45,235.73,0.702,1.896,5.592,401,1927,0.757,34.307,124,165,444,1318,1752,1227,0.907,0.003,49.96
19:47.,233.97,234.45,235.73,0.702,1.896,5.592,401,1927,0.757,34.307,124,165,444,1318,1752,1227,0.907,0.003,49.96
19:48.,234.03,234.49,235.68,0.714,1.902,5.58,402,1929,0.753,34.307,125,167,446,1316,1753,1226,0.909,0.003,49.96
19:49.,234.05,234.34,235.73,0.708,1.896,5.58,401,1926,0.756,34.307,125,166,444,1316,1752,1226,0.909,0.003,49.96
19:48.,234.05,234.34,235.73,0.708,1.896,5.58,401,1926,0.756,34.307,125,166,444,1316,1752,1226,0.909,0.003,49.96
19:49.,233.94,234.32,235.68,0.702,1.902,5.58,401,1921,0.758,34.307,124,163,444,1314,1751,1226,0.911,0.003,49.95
19:49.,233.94,234.32,235.68,0.702,1.902,5.58,401,1921,0.758,34.307,124,163,444,1314,1751,1226,0.911,0.003,49.95
19:49.,233.94,234.34,235.64,0.702,1.902,5.592,401,1926,0.757,34.051,124,165,444,1317,1751,1226,0.909,0.003,49.95
19:50.,233.99,234.45,235.75,0.708,1.908,5.592,403,1930,0.758,34.307,125,165,447,1318,1754,1226,0.909,0.003,49.95
19:50.,233.99,234.45,235.75,0.708,1.908,5.592,403,1930,0.758,34.307,125,165,447,1318,1754,1226,0.909,0.003,49.95
19:50.,233.9,234.54,235.62,0.702,1.908,5.58,403,1926,0.757,34.307,124,165,447,1314,1751,1224,0.909,0.003,49.95
19:50.,233.9,234.54,235.62,0.702,1.908,5.58,403,1926,0.757,34.307,124,165,447,1314,1751,1224,0.909,0.003,49.95
19:51.,233.92,234.58,235.57,0.702,1.908,5.556,402,1921,0.757,34.051,124,165,447,1309,1747,1221,0.909,0.003,49.95
19:52.,233.9,234.58,235.77,0.702,1.908,5.394,403,1881,0.758,34.051,124,163,447,1271,1701,1174,0.905,0.003,49.95
19:51.,233.9,234.58,235.77,0.702,1.908,5.394,403,1881,0.758,34.051,124,163,447,1271,1701,1174,0.905,0.003,49.95
19:52.,234.08,234.52,236.1,0.696,1.896,5.22,401,1839,0.758,34.051,124,163,444,1232,1648,1123,0.894,0.003,49.95
19:52.,234.08,234.52,236.1,0.696,1.896,5.22,401,1839,0.758,34.051,124,163,444,1232,1648,1123,0.894,0.003,49.95
19:52.,234.12,234.52,236.1,0.654,1.884,5.19,398,1819,0.766,33.795,117,153,442,1224,1631,1116,0.897,0.003,49.95
19:53.,234.1,234.65,236.01,0.654,1.86,5.484,393,1883,0.767,33.539,117,153,436,1294,1708,1198,0.905,0.003,49.95
19:53.,234.1,234.65,236.01,0.654,1.86,5.484,393,1883,0.767,33.539,117,153,436,1294,1708,1198,0.905,0.003,49.95
19:53.,234.01,234.54,235.73,0.642,1.86,5.598,392,1905,0.77,33.795,116,150,435,1320,1738,1230,0.912,0.003,49.95
19:53.,234.01,234.54,235.73,0.642,1.86,5.598,392,1905,0.77,33.795,116,150,435,1320,1738,1230,0.912,0.003,49.95
19:54.,234.05,234.52,235.7,0.648,1.86,5.652,392,1919,0.77,33.795,116,151,435,1333,1754,1246,0.913,0.003,49.95
19:55.,234.08,234.47,235.66,0.66,1.86,5.67,392,1920,0.771,33.795,116,150,435,1335,1759,1251,0.915,0.003,49.96
19:54.,234.08,234.47,235.66,0.66,1.86,5.67,392,1920,0.771,33.795,116,150,435,1335,1759,1251,0.915,0.003,49.96
19:55.,233.92,234.49,235.59,0.648,1.86,5.688,392,1928,0.764,33.795,116,154,435,1339,1760,1252,0.911,0.003,49.96
19:55.,233.92,234.49,235.59,0.648,1.86,5.688,392,1928,0.764,33.795,116,154,435,1339,1760,1252,0.911,0.003,49.96
19:55.,233.92,234.52,235.64,0.66,1.86,5.688,392,1932,0.76,33.539,118,154,436,1342,1765,1255,0.913,0.003,49.96
19:56.,233.22,234.8,235.95,0.69,1.866,5.7,393,1959,0.755,33.027,121,161,438,1360,1770,1256,0.903,0.003,49.96
19:56.,233.22,234.8,235.95,0.69,1.866,5.7,393,1959,0.755,33.027,121,161,438,1360,1770,1256,0.903,0.003,49.96
19:56.,230.69,235.75,237.49,0.696,1.89,5.754,399,1971,0.755,32.515,120,159,446,1366,1787,1268,0.905,0.003,49.96
19:56.,230.69,235.75,237.49,0.696,1.89,5.754,399,1971,0.755,32.515,120,159,446,1366,1787,1268,0.905,0.003,49.96
19:57.,230.47,235.7,237.44,0.696,1.89,5.742,398,1968,0.759,32.259,121,161,444,1363,1787,1268,0.907,0.003,49.96
19:58.,230.4,235.7,237.57,0.702,1.89,5.754,398,1973,0.753,32.515,121,162,444,1367,1788,1269,0.907,0.003,49.96
19:57.,230.4,235.7,237.57,0.702,1.89,5.754,398,1973,0.753,32.515,121,162,444,1367,1788,1269,0.907,0.003,49.96
19:58.,230.49,235.75,237.55,0.708,1.89,5.754,398,1974,0.757,32.259,122,162,446,1366,1787,1267,0.905,0.003,49.96
19:58.,230.49,235.75,237.55,0.708,1.89,5.754,398,1974,0.757,32.259,122,162,446,1366,1787,1267,0.905,0.003,49.96
19:58.,230.45,235.7,237.68,0.726,1.89,5.76,398,1979,0.746,32.771,125,167,444,1368,1790,1267,0.904,0.003,49.96
19:59.,230.51,235.68,237.64,0.696,1.89,5.748,398,1971,0.753,32.515,121,161,444,1366,1784,1265,0.905,0.003,49.96
19:59.,230.51,235.68,237.64,0.696,1.89,5.748,398,1971,0.753,32.515,121,161,444,1366,1784,1265,0.905,0.003,49.96
19:59.,230.67,235.66,237.42,0.66,1.89,5.724,398,1956,0.762,32.515,116,153,444,1359,1775,1261,0.906,0.003,49.96
20:00.,230.67,235.66,237.42,0.66,1.89,5.724,398,1956,0.762,32.515,116,153,444,1359,1775,1261,0.906,0.003,49.96
20:00.,230.89,235.59,237.27,0.648,1.884,5.724,398,1952,0.765,32.771,114,150,444,1358,1772,1260,0.908,0.003,49.96
20:00.,230.84,235.57,237.24,0.648,1.884,5.718,397,1948,0.767,32.515,114,149,443,1356,1770,1259,0.908,0.003,49.96
20:00.,230.84,235.57,237.24,0.648,1.884,5.718,397,1948,0.767,32.515,114,149,443,1356,1770,1259,0.908,0.003,49.96
20:01.,230.82,235.64,237.22,0.642,1.89,5.724,398,1949,0.769,32.515,113,149,444,1356,1768,1257,0.908,0.003,49.96
20:02.,230.82,235.64,237.22,0.642,1.89,5.724,398,1949,0.769,32.515,113,149,444,1356,1768,1257,0.908,0.003,49.96
20:01.,230.84,235.62,237.38,0.642,1.884,5.556,397,1908,0.768,32.515,113,147,443,1318,1721,1211,0.902,0.003,49.96
20:02.,230.82,235.44,237.4,0.642,1.884,5.304,397,1851,0.767,32.771,113,149,443,1259,1657,1147,0.895,0.003,49.96
20:02.,230.82,235.44,237.4,0.642,1.884,5.304,397,1851,0.767,32.771,113,149,443,1259,1657,1147,0.895,0.003,49.96
20:02.,230.73,235.48,237.4,0.642,1.884,5.244,397,1834,0.77,32.771,113,147,443,1244,1633,1123,0.889,0.003,49.96
20:03.,230.73,235.48,237.4,0.642,1.884,5.244,397,1834,0.77,32.771,113,147,443,1244,1633,1123,0.889,0.003,49.96
20:03.,230.8,235.48,237.57,0.648,1.884,5.19,397,1825,0.767,32.771,114,150,443,1232,1625,1114,0.889,0.003,49.96
20:03.,230.82,235.51,237.6,0.648,1.884,5.214,397,1830,0.768,32.771,114,149,443,1238,1625,1114,0.887,0.003,49.96
20:03.,230.82,235.51,237.6,0.648,1.884,5.214,397,1830,0.768,32.771,114,149,443,1238,1625,1114,0.887,0.003,49.96
20:04.,230.84,235.31,237.53,0.642,1.878,5.178,396,1819,0.77,33.027,113,147,442,1230,1620,1111,0.891,0.003,49.96
20:04.,230.84,235.31,237.53,0.642,1.878,5.178,396,1819,0.77,33.027,113,147,442,1230,1620,1111,0.891,0.003,49.96
20:04.,230.8,235.46,237.4,0.642,1.884,5.418,397,1875,0.77,33.027,113,147,443,1285,1684,1174,0.896,0.003,49.96
20:05.,230.8,235.57,237.29,0.642,1.884,5.616,397,1921,0.771,32.515,113,147,443,1331,1741,1231,0.907,0.003,49.96
20:05.,230.8,235.57,237.29,0.642,1.884,5.616,397,1921,0.771,32.515,113,147,443,1331,1741,1231,0.907,0.003,49.96
20:05.,230.69,235.57,237.2,0.642,1.884,5.7,398,1941,0.77,32.771,113,147,443,1351,1766,1255,0.91,0.003,49.96
20:06.,230.69,235.57,237.2,0.642,1.884,5.7,398,1941,0.77,32.771,113,147,443,1351,1766,1255,0.91,0.003,49.96
20:06.,231,235.62,237.07,0.66,1.89,5.748,398,1959,0.763,32.771,116,153,444,1362,1781,1267,0.909,0.003,49.96
20:06.,232.58,235.13,236.19,0.75,1.86,5.694,393,1942,0.752,33.795,124,165,436,1341,1774,1257,0.914,0.003,49.96
20:06.,232.58,235.13,236.19,0.75,1.86,5.694,393,1942,0.752,33.795,124,165,436,1341,1774,1257,0.914,0.003,49.96
20:07.,233.77,234.56,235.4,0.654,1.86,5.706,392,1929,0.768,34.051,117,153,435,1341,1766,1257,0.915,0.003,49.96
20:07.,233.77,234.56,235.4,0.654,1.86,5.706,392,1929,0.768,34.051,117,153,435,1341,1766,1257,0.915,0.003,49.96
20:07.,233.75,234.47,235.37,0.642,1.854,5.706,392,1927,0.77,33.795,116,150,435,1342,1765,1257,0.915,0.003,49.96
20:08.,233.81,234.49,235.42,0.654,1.854,5.7,392,1933,0.769,33.795,117,153,435,1345,1766,1257,0.913,0.003,49.96
20:08.,233.81,234.49,235.42,0.654,1.854,5.7,392,1933,0.769,33.795,117,153,435,1345,1766,1257,0.913,0.003,49.96
20:08.,233.86,234.6,235.44,0.654,1.86,5.7,392,1930,0.768,33.795,117,153,435,1342,1766,1257,0.915,0.003,49.96
20:09.,233.86,234.6,235.44,0.654,1.86,5.7,392,1930,0.768,33.795,117,153,435,1342,1766,1257,0.915,0.003,49.96
20:09.,233.81,234.47,235.46,0.642,1.854,5.7,392,1926,0.773,33.795,116,150,435,1341,1765,1257,0.917,0.003,49.96
20:09.,233.88,234.52,235.48,0.642,1.86,5.7,392,1926,0.774,33.795,116,149,435,1342,1765,1257,0.917,0.003,49.96
20:09.,233.88,234.52,235.48,0.642,1.86,5.7,392,1926,0.774,33.795,116,149,435,1342,1765,1257,0.917,0.003,49.96
20:10.,233.9,234.63,235.55,0.654,1.86,5.7,393,1931,0.769,33.795,117,153,436,1342,1766,1256,0.913,0.003,49.96
20:10.,233.9,234.63,235.55,0.654,1.86,5.7,393,1931,0.769,33.795,117,153,436,1342,1766,1256,0.913,0.003,49.96
20:10.,234.03,234.63,235.59,0.654,1.86,5.7,393,1931,0.768,33.795,117,153,436,1342,1765,1255,0.913,0.003,49.96
20:11.,233.9,234.74,235.55,0.642,1.866,5.688,393,1925,0.772,33.795,116,150,436,1339,1761,1252,0.915,0.003,49.96
20:11.,233.9,234.74,235.55,0.642,1.866,5.688,393,1925,0.772,33.795,116,150,436,1339,1761,1252,0.915,0.003,49.96
20:11.,233.86,234.65,235.64,0.648,1.86,5.55,393,1895,0.77,33.795,116,151,436,1308,1727,1218,0.91,0.003,49.96
20:12.,233.86,234.65,235.64,0.648,1.86,5.55,393,1895,0.77,33.795,116,151,436,1308,1727,1218,0.91,0.003,49.96
20:12.,233.72,234.69,235.79,0.636,1.812,5.286,372,1820,0.773,27.651,114,149,425,1246,1634,1148,0.899,0.003,49.96
20:12.,233.68,235.35,235.4,0.612,0.276,5.16,9,1423,0.78,36.355,112,143,66,1214,1233,1112,0.866,0,49.97
20:12.,233.68,235.35,235.4,0.612,0.276,5.16,9,1423,0.78,36.355,112,143,66,1214,1233,1112,0.866,0,49.97
20:13.,233.64,235.24,235.42,0.618,0,5.094,0,1342,0.778,0.003,112,143,0,1199,1211,1099,0.902,0,49.97
20:13.,233.64,235.24,235.42,0.618,0,5.094,0,1342,0.778,0.003,112,143,0,1199,1211,1099,0.902,0,49.97
20:13.,233.77,235.33,235.51,0.624,0,5.118,0,1350,0.776,0.003,113,145,0,1205,1212,1099,0.897,0,49.97
20:14.,233.75,235.31,235.44,0.624,0,5.082,0,1340,0.774,0.003,112,145,0,1195,1207,1095,0.902,0,49.97
20:14.,233.75,235.31,235.44,0.624,0,5.082,0,1340,0.774,0.003,112,145,0,1195,1207,1095,0.902,0,49.97
20:14.,233.77,235.29,235.42,0.624,0,5.106,0,1348,0.774,0.003,113,146,0,1202,1209,1096,0.897,0,49.97
20:15.,233.77,235.29,235.42,0.624,0,5.106,0,1348,0.774,0.003,113,146,0,1202,1209,1096,0.897,0,49.97
20:15.,233.55,235.29,235.48,0.624,0,5.082,0,1342,0.773,0.003,112,145,0,1197,1208,1096,0.899,0,49.97
20:15.,233.64,235.26,235.42,0.618,0,5.112,0,1346,0.777,0.003,112,143,0,1203,1210,1098,0.897,0,49.97
20:15.,233.64,235.26,235.42,0.618,0,5.112,0,1346,0.777,0.003,112,143,0,1203,1210,1098,0.897,0,49.97
20:16.,232.43,235.73,236.17,0.594,0,5.13,0,1349,0.783,0.003,108,138,0,1211,1212,1104,0.897,0,49.97
20:17.,232.43,235.73,236.17,0.594,0,5.13,0,1349,0.783,0.003,108,138,0,1211,1212,1104,0.897,0,49.97
20:16.,230.84,236.34,237.11,0.594,0,5.202,0,1371,0.782,0.003,106,137,0,1234,1221,1115,0.89,0,49.97
20:17.,230.93,236.5,237.2,0.606,0,5.184,0,1367,0.779,0.003,108,139,0,1228,1223,1115,0.895,0,49.98
20:17.,230.93,236.5,237.2,0.606,0,5.184,0,1367,0.779,0.003,108,139,0,1228,1223,1115,0.895,0,49.98
20:17.,230.84,236.45,237.11,0.606,0,5.202,0,1373,0.779,0.003,109,139,0,1234,1225,1116,0.89,0,49.98
20:18.,230.84,236.45,237.11,0.606,0,5.202,0,1373,0.779,0.003,109,139,0,1234,1225,1116,0.89,0,49.98
20:18.,230.8,236.45,237.18,0.612,0,5.34,0,1409,0.777,0.003,110,142,0,1267,1271,1161,0.901,0,49.98
20:18.,230.84,236.54,237.07,0.618,0,5.592,0,1467,0.775,0.003,110,142,0,1325,1338,1228,0.913,0,49.98
20:18.,230.84,236.54,237.07,0.618,0,5.592,0,1467,0.775,0.003,110,142,0,1325,1338,1228,0.913,0,49.98
20:19.,230.78,236.47,237,0.612,0,5.646,0,1496,0.77,0.003,109,145,0,1351,1365,1256,0.912,0,49.98
20:20.,230.78,236.47,237,0.612,0,5.646,0,1496,0.77,0.003,109,145,0,1351,1365,1256,0.912,0,49.98
20:19.,230.91,236.41,236.98,0.624,0,5.712,0,1505,0.772,0.003,110,143,0,1362,1377,1267,0.915,0,49.98
20:20.,230.91,236.47,237.05,0.558,0,5.748,0,1493,0.815,0.003,100,129,0,1364,1369,1269,0.917,0,49.99
20:20.,230.91,236.47,237.05,0.558,0,5.748,0,1493,0.815,0.003,100,129,0,1364,1369,1269,0.917,0,49.99
20:20.,230.95,236.36,237,0.408,0,5.76,0,1457,0.828,0.003,77,93,0,1364,1348,1271,0.923,0,49.99
20:21.,230.95,236.36,237,0.408,0,5.76,0,1457,0.828,0.003,77,93,0,1364,1348,1271,0.923,0,49.99
20:21.,230.95,236.36,237,0.408,0,5.76,0,1457,0.828,0.003,77,93,0,1364,1348,1271,0.923,0,49.99
20:21.,230.86,236.41,236.96,0.402,0,5.754,0,1456,0.829,0.003,76,93,0,1363,1347,1271,0.923,0,49.99
20:21.,230.91,236.5,237.11,0.402,0,5.664,0,1436,0.829,0.003,77,93,0,1343,1321,1244,0.92,0,49.99
20:22.,230.91,236.5,237.11,0.402,0,5.664,0,1436,0.829,0.003,77,93,0,1343,1321,1244,0.92,0,49.99
20:23.,230.93,236.39,237.29,0.402,0,5.364,0,1365,0.828,0.003,76,93,0,1272,1240,1164,0.907,0,49.99
20:22.,230.93,236.39,237.29,0.402,0,5.364,0,1365,0.828,0.003,76,93,0,1272,1240,1164,0.907,0,49.99
20:23.,230.89,236.34,237.38,0.402,0,5.25,0,1339,0.829,0.003,76,93,0,1246,1207,1131,0.902,0,49.99
20:23.,230.97,236.3,237.33,0.402,0,5.226,0,1333,0.828,0.003,76,93,0,1240,1200,1124,0.899,0,49.99
20:23.,230.97,236.3,237.33,0.402,0,5.226,0,1333,0.828,0.003,76,93,0,1240,1200,1124,0.899,0,49.99
20:24.,230.95,236.41,237.24,0.402,0,5.496,0,1397,0.828,0.003,76,93,0,1304,1281,1205,0.915,0,49.99
20:24.,230.95,236.41,237.24,0.402,0,5.496,0,1397,0.828,0.003,76,93,0,1304,1281,1205,0.915,0,49.99
20:24.,230.95,236.36,237,0.402,0,5.658,0,1433,0.828,0.003,76,92,0,1341,1323,1247,0.922,0,50
20:24.,230.95,236.36,237,0.402,0,5.658,0,1433,0.828,0.003,76,92,0,1341,1323,1247,0.922,0,50
20:25.,231,236.34,237.07,0.402,0,5.736,0,1452,0.828,0.003,76,93,0,1359,1341,1265,0.923,0,50
20:26.,231,236.34,237.07,0.402,0,5.736,0,1452,0.828,0.003,76,93,0,1359,1341,1265,0.923,0,50
20:25.,230.91,236.39,237,0.402,0,5.76,0,1457,0.828,0.003,76,93,0,1364,1348,1272,0.923,0,50
20:26.,230.91,236.39,237,0.402,0,5.76,0,1457,0.828,0.003,76,93,0,1364,1348,1272,0.923,0,50
20:26.,230.93,236.32,237.05,0.402,0,5.772,0,1461,0.828,0.003,76,93,0,1368,1352,1276,0.924,0,50
20:26.,230.89,236.43,236.91,0.402,0,5.772,0,1460,0.829,0.003,76,93,0,1367,1352,1276,0.924,0,50
20:27.,230.89,236.43,236.91,0.402,0,5.772,0,1460,0.829,0.003,76,93,0,1367,1352,1276,0.924,0,50
20:27.,233.61,235.53,235.37,0.408,0,5.712,0,1440,0.828,0.003,79,95,0,1345,1342,1263,0.933,0,50
20:27.,233.61,235.53,235.37,0.408,0,5.712,0,1440,0.828,0.003,79,95,0,1345,1342,1263,0.933,0,50
20:27.,233.88,235.44,235.24,0.408,0,5.706,0,1437,0.828,0.003,79,95,0,1342,1340,1261,0.931,0,50.01
20:28.,233.83,235.42,235.29,0.408,0,5.7,0,1436,0.827,0.003,79,95,0,1341,1340,1261,0.933,0,50.01
20:29.,233.83,235.42,235.29,0.408,0,5.7,0,1436,0.827,0.003,79,95,0,1341,1340,1261,0.933,0,50.01
20:28.,233.9,235.48,235.33,0.408,0,5.7,0,1436,0.828,0.003,79,95,0,1341,1339,1260,0.933,0,50.01
20:29.,233.9,235.48,235.33,0.408,0,5.7,0,1436,0.828,0.003,79,95,0,1341,1339,1260,0.933,0,50.01
20:29.,233.99,235.46,235.37,0.408,0,5.694,0,1436,0.828,0.003,79,95,0,1341,1338,1259,0.933,0,50.01
20:29.,233.28,234.8,237.6,0.126,0,1.824,0,463,0.279,0.001,7,29,0,434,136,129,0.29,0,50.01
20:30.,233.28,234.8,237.6,0.126,0,1.824,0,463,0.279,0.001,7,29,0,434,136,129,0.29,0,50.01
20:30.,233.06,234.82,237.9,0,0,0.06,0,13,0,0,0,0,0,13,0,0,0,0,50.01
20:30.,233.06,234.82,237.9,0,0,0.06,0,13,0,0,0,0,0,13,0,0,0,0,50.01
20:30.,233.06,234.93,237.86,0,0,0,0,0,0,0,0,0,0,0,0,0,0,0,50.01
20:31.,232.95,234.85,237.97,0,0,0,0,0,0,0,0,0,0,0,0,0,0,0,50.01
20:31.,232.95,234.85,237.97,0,0,0,0,0,0,0,0,0,0,0,0,0,0,0,50.01
20:31.,233.02,234.82,237.84,0,0,0,0,0,0,0,0,0,0,0,0,0,0,0,50.02
20:32.,233.02,234.82,237.84,0,0,0,0,0,0,0,0,0,0,0,0,0,0,0,50.02
20:32.,233,234.91,237.79,0,0,0,0,0,0,0,0,0,0,0,0,0,0,0,50.02
20:32.,232.95,234.96,237.88,0,0,0,0,0,0,0,0,0,0,0,0,0,0,0,50.02
20:33.,232.95,234.96,237.88,0,0,0,0,0,0,0,0,0,0,0,0,0,0,0,50.02
20:33.,233.06,235.02,237.88,0,0,0,0,0,0,0,0,0,0,0,0,0,0,0,50.02
20:33.,233.06,235.02,237.88,0,0,0,0,0,0,0,0,0,0,0,0,0,0,0,50.02
20:34.,233,235.07,237.86,0,0,0,0,0,0,0,0,0,0,0,0,0,0,0,50.02
20:34.,233.06,234.98,237.93,0,0,0,0,0,0,0,0,0,0,0,0,0,0,0,50.02
20:34.,233.06,234.98,237.93,0,0,0,0,0,0,0,0,0,0,0,0,0,0,0,50.02
20:34.,233.04,234.98,237.93,0,0,0,0,0,0,0,0,0,0,0,0,0,0,0,50.03
20:35.,233.04,234.98,237.93,0,0,0,0,0,0,0,0,0,0,0,0,0,0,0,50.03
20:35.,233.17,234.87,237.93,0,0,0,0,0,0,0,0,0,0,0,0,0,0,0,50.03
20:35.,233.11,234.87,237.97,0,0,0,0,0,0,0,0,0,0,0,0,0,0,0,50.03
20:36.,233.11,234.87,237.97,0,0,0,0,0,0,0,0,0,0,0,0,0,0,0,50.03
20:36.,233,234.85,237.86,0,0,0,0,0,0,0,0,0,0,0,0,0,0,0,50.03
20:36.,233,234.85,237.86,0,0,0,0,0,0,0,0,0,0,0,0,0,0,0,50.03
20:37.,232.1,235.13,238.39,0,0,0,0,0,0,0,0,0,0,0,0,0,0,0,50.03
20:37.,229.96,235.9,239.36,0,0,0,0,0,0,0,0,0,0,0,0,0,0,0,50.03
20:37.,229.96,235.9,239.36,0,0,0,0,0,0,0,0,0,0,0,0,0,0,0,50.03
20:37.,229.94,235.79,239.4,0,0,0,0,0,0,0,0,0,0,0,0,0,0,0,50.03
20:38.,229.94,235.79,239.4,0,0,0,0,0,0,0,0,0,0,0,0,0,0,0,50.03
20:38.,229.96,235.84,239.44,0,0,0,0,0,0,0,0,0,0,0,0,0,0,0,50.03
20:38.,229.83,235.81,239.49,0,0,0,0,0,0,0,0,0,0,0,0,0,0,0,50.02
20:39.,229.83,235.81,239.49,0,0,0,0,0,0,0,0,0,0,0,0,0,0,0,50.02
20:39.,229.85,235.75,239.47,0,0,0,0,0,0,0,0,0,0,0,0,0,0,0,50.02
20:39.,229.85,235.75,239.47,0,0,0,0,0,0,0,0,0,0,0,0,0,0,0,50.02
20:40.,229.85,235.55,239.42,0,0,0,0,0,0,0,0,0,0,0,0,0,0,0,50.02
20:40.,229.85,235.55,239.42,0,0,0,0,0,0,0,0,0,0,0,0,0,0,0,50.02
20:40.,229.76,235.55,239.38,0,0,0,0,0,0,0,0,0,0,0,0,0,0,0,50.02
20:40.,229.76,235.55,239.38,0,0,0,0,0,0,0,0,0,0,0,0,0,0,0,50.02
20:41.,229.76,235.86,239.47,0,0,0,0,0,0,0,0,0,0,0,0,0,0,0,50.02
20:41.,229.76,235.86,239.47,0,0,0,0,0,0,0,0,0,0,0,0,0,0,0,50.02
